Country_ISO,2000,2001,2002,2003,2004,2005,2006,2007,2008,2009,2010,2011,2012,2013,2014,2015,2016,2017,2018,2019,2020,2021
AFG,0.0009025758468000001,0.0007458275246666666,0.0008992532545333332,0.0008517693441333332,0.0009153815397333336,0.0008889975938666663,0.0007719175712,0.0008109866220000001,0.0008483946638666666,0.0008751199953333334,0.0009004933249333333,0.0009317333249333332,0.0009341453230666667,0.0009070959944000001,0.00092501073,0.0008736465115999999,0.0008539000002666666,0.0008863223138666666,0.0008221032882666666,0.00080114987,0.0007943742027625404,0.0007633096293701672
AGO,0.00025611884422718583,0.00025773636656147627,0.00026425688194837055,0.00026650950416432184,0.0002118269970629789,0.0002462108033305989,0.00024799147209461305,0.0002652438453546539,0.0002785389747434067,0.00027979565702441534,0.0002852076805425582,0.00028921344823161363,0.00029418837128854914,0.0003038188125927899,0.00030067988400905995,0.0002983822399975724,0.00030430062878377014,0.00031193056350390996,0.0003009071815114515,0.000294696160909734,0.00030406189999885366,0.0003011998436525246
ALB,0.016214873716853928,0.012000157688488779,0.0123961631104789,0.01308668134566696,0.013383633402295784,0.013376047843716656,0.014773390501172188,0.014912371939654482,0.011686752678466077,0.011269562257195519,0.011655911047645977,0.011861909370944994,0.011932272310277233,0.012198337573269147,0.012207994004307754,0.012344853986870897,0.012414038608037276,0.0123383217643608,0.012642545651139283,0.011645430625984814,0.010696453837837839,0.010826482752430816
ARE,0.012975036386666668,0.01083017734666667,0.010373568013333334,0.013126194093333333,0.013224635826666671,0.007818325613333333,0.010611289920000001,0.00993809812,0.014169310973333333,0.015334184093333335,0.014444195333333331,0.014698335826666666,0.015112463626666668,0.014817832106666668,0.015766964,0.017387016666666668,0.018315749906666665,0.018950392573333336,0.019271653053333337,0.019366098093333332,0.019674619813333332,0.020023765333333332
ARG,0.003073767304656053,0.0027145568288504817,0.0027040789818209825,0.0028883016590060652,0.003316815009142398,0.003489856288558504,0.0034662957586341784,0.003701504429136822,0.0036740256862689176,0.004002903627400086,0.003278807247791222,0.003212941496896824,0.003376485451685306,0.0036862329893109728,0.0035856424134475553,0.0037525471793782104,0.0036588272753296327,0.0039773973798842965,0.0043598914547657,0.004444461218284987,0.004510780189072363,0.00428431346779726
ARM,0.005793283908982036,0.005564806677844311,0.005201127368888889,0.005051619309473684,0.005322787088,0.005041876887272726,0.0049439638259481025,0.005255454991170332,0.005795855146255223,0.005792064892676259,0.0056565331005359746,0.005854192940192387,0.005935469055098055,0.006566880594681845,0.007138778518581512,0.007657596724667348,0.00812846622654384,0.008407179525597268,0.008077895988401843,0.00794572552559727,0.007935900269624574,0.008080496507556996
ATG,0.018018496999999998,0.016566874438774387,0.01650806044678055,0.017182311372514594,0.017331001056524034,0.017419823235106126,0.01761311968838527,0.01740976665928714,0.020100401303682677,0.01768584136858476,0.0054431264634391095,0.005946017627846629,0.005598922308570917,0.005853021710334299,0.0056063013698630145,0.005390574547414761,0.0056176138535927135,0.005654047897722158,0.0033952668317946398,0.0029361395453522394,0.003168449421997881,0.0028979651621335372
AUS,0.0006302115844336344,0.0006549187688575537,0.0006653717253984017,0.0006413958745927751,0.0007469613283336858,0.0007186100443508012,0.0007471280554144779,0.0007667620050183356,0.0007730146916150106,0.0007795964024712263,0.0007844043522676682,0.0007500494589155677,0.0007847972574637482,0.0008999660410860643,0.0009753173829110597,0.0010727087928340945,0.0009774570596879164,0.00080985628427969,0.0009284719213160395,0.0009499426361922686,0.000862546734339351,0.0007765927033136568
AUT,0.020368920516936468,0.019650405225349464,0.019436090028289433,0.01912049501329284,0.01890003986075068,0.01881066519928916,0.019743107511796965,0.020018628440887972,0.0208242005069576,0.021121884945119948,0.021270647927143137,0.021366650052818077,0.021929214784611215,0.02268777473886224,0.022435659095518704,0.022814117843343393,0.023770839902276672,0.024034762105413207,0.024645055696562307,0.02419863234624146,0.024233156119672875,0.024015503779796936
AZE,0.004785449887976101,0.004940262170039881,0.005242476936271768,0.005504099606735309,0.005679510388645315,0.005788706422658598,0.005966035608850608,0.006082034559713198,0.0062523945627575885,0.006866932493035161,0.007525305508228826,0.007708599637020861,0.007876648988866166,0.00816675925942927,0.008255460354830057,0.008710525960463953,0.009168712088432687,0.009722585795911665,0.009981534753152558,0.010282194156969546,0.010588409517127528,0.010744162117890385
BDI,0.002022879707495429,0.0018142736205370006,0.0017775774041178891,0.00187303055099205,0.0016036609342042498,0.0021927984980312015,0.0027623390481355506,0.002514263019823488,0.002317340408059663,0.0021617821965785513,0.0021381602425696263,0.0024266356106796235,0.00305177693407841,0.0020607750668889353,0.002732131627466866,0.0030629000144882616,0.0032389788841083677,0.004280567903148017,0.004058284825103086,0.004738079091128627,0.002648428071031806,0.0035288397590465697
BEL,0.07592102501775148,0.06401606086449732,0.06639187872756933,0.06118962951633986,0.06111906340691928,0.05932476181333333,0.06151275264106844,0.06305540427891154,0.06332207872413793,0.0594941318419244,0.0640593189222798,0.06370671182425307,0.060823113510895886,0.061619006454561434,0.06503040204285715,0.06893780280789948,0.06884017004926109,0.07127912620393562,0.0697078546945899,0.0677725080056066,0.06689462001139532,0.06528411538609531
BEN,0.00575447653090909,0.003717600993875495,0.003750194831936772,0.0038037459916649705,0.0039438632669131805,0.004050456586348186,0.0043092354564697784,0.004422726573780335,0.004564415120097105,0.0047165785207328005,0.004898892230716348,0.005078026868800873,0.0051522725169438465,0.005252247498694093,0.005378464828425802,0.005517245021280576,0.005606877208782703,0.0057734562444541684,0.0059147979565888084,0.006439709506349375,0.00587887824700289,0.006785725210048218
BFA,0.0015961053293333332,0.001487913451767962,0.0014993732506649415,0.0020312636957936295,0.0019560818003612032,0.00206819978233362,0.002024102043804923,0.002095289051626792,0.0024449325869815974,0.0026115893286666673,0.002669068814666667,0.002639788594487214,0.0027881358959999996,0.002844399134522834,0.0023054092612029508,0.0022051482431846726,0.0019687684500323682,0.0019842424349395668,0.0020159585545736864,0.002649389903243099,0.0024795173430270322,0.002479414007238954
BGD,0.05121529002666667,0.011990053006248735,0.012508365550201654,0.01279028010028948,0.013104084722304966,0.013941723599535426,0.015568178010333902,0.01667150168206154,0.017088674139116543,0.01604824485849255,0.01713599796554898,0.01851985245091391,0.018821445592485574,0.021867530213019775,0.023506830676798287,0.024765752164852016,0.025264184114293715,0.028223313148806006,0.028160990226729094,0.030424721720223768,0.03160607422193588,0.03493071381280981
BGR,0.007674194851441241,0.0037448833883857225,0.004087499126637555,0.004241663153969099,0.004426977987394958,0.004192743928,0.0038998834659898472,0.003576289844088796,0.0034814678404971517,0.0035926403042998893,0.00357925728866555,0.0036765470856494615,0.003710054501734104,0.004241906833333333,0.004045209661157024,0.003881606062593959,0.003730904584058941,0.003510651859895385,0.0032616351594202896,0.0031948994621409915,0.0032003038719790986,0.0033683261889763776
BHR,0.14228354399999998,0.153567701,0.176083722,0.148135523,0.128322887,0.196127496,0.12291092300000002,0.189641291,0.230184773,0.248945781,0.286480179,0.2906484310000001,0.29207529699999996,0.29232261899999995,0.28596786900000004,0.33578681899999996,0.380839607,0.46871666099999987,0.44162123999999997,0.4758960350000001,0.47018006300000004,0.42358658299999985
BHS,0.00279637,0.0029504838979366615,0.0032406527336565787,0.003420866816852157,0.003575064899854272,0.0036358189054049458,0.0032156984143363256,0.003335140457174332,0.003417885931558935,0.0034414141203462302,0.0034121158911325725,0.0033428561711389996,0.00347111217281507,0.003495065506688216,0.0034668763550018927,0.0033999862277923156,0.0034089197690898407,0.003427042312090654,0.0034247225788542283,0.0034197227997228006,0.0034725133020344287,0.0034849313162928185
BIH,0.003188535677669903,0.0029018025279685966,0.0030930444970873783,0.00323174723935667,0.0035904189693486592,0.004175716516875602,0.0041711336177606174,0.004489682003875968,0.004760942418604652,0.004584194783284742,0.004362951528502416,0.004178022961685825,0.004161253736641222,0.003538026822179733,0.0030618967043062194,0.004156504400381315,0.003407620259499536,0.0033753127502356263,0.002935862528650647,0.0028323678757990857,0.0029541409428571427,0.0024798895030514385
BLR,0.01139332220367279,0.007650654972562625,0.007607758514681282,0.007257088312429642,0.007833306001543574,0.008728067039830284,0.00915720343663798,0.009288180119393327,0.009454945719617226,0.0105968217640359,0.010718572851205607,0.01055549357889968,0.01077262308445494,0.01156948774391248,0.011624265581386654,0.01305372249293694,0.01299636828555486,0.013159518941111935,0.013473320914308856,0.013841088681949014,0.014733056864958691,0.015445736730800219
BLZ,0.00236219144,0.0026087830555546164,0.0032600796262075393,0.003898716061947199,0.004659960105198592,0.002922109466673625,0.003020860803721516,0.002898712667893924,0.006459894077180097,0.002944487090610892,0.002746834843130086,0.002947221667757649,0.003110340458741533,0.003422688610158663,0.0028844794060456074,0.002983752748187614,0.0026781072546767835,0.0027424400266159252,0.0032638718064680852,0.0031435948249938107,0.002835719691854701,0.0031105245540109477
BOL,0.0005352323398066861,0.0005404608103810114,0.0005532689041411722,0.0005816845373406193,0.0005972652718248531,0.0005934851136936007,0.0006705247402424241,0.00080653292,0.0008215334156363637,0.0006821828758787878,0.0006848447286060605,0.0006957860181818181,0.0007235205530909092,0.0007346279831515152,0.0007646552472727273,0.0008258253275151517,0.0008565112593939395,0.0008910750265454546,0.0009232136225454546,0.0009255899443636361,0.0009543660284848484,0.0009800101368484851
BRA,0.004163052156318551,0.00424160891296199,0.004456564961021982,0.004537616784546122,0.004895097092996341,0.005405281843399812,0.005696438777529475,0.005843235368536269,0.005704399486874968,0.005647706480657445,0.005778693427378103,0.00573615459753149,0.005878896468566604,0.006106413173958998,0.006127474537868328,0.00593327692343998,0.005823443512684067,0.0059503886694199475,0.006158691475331787,0.006346281122049432,0.0062282830005423685,0.006099061065164639
BRB,0.051526402000000006,0.01669922806336576,0.01720755790002512,0.016788953953700423,0.013767271278714644,0.01124917153918035,0.010913374040001084,0.010632379969024264,0.011157876667395584,0.011757330907888209,0.0125992064641316,0.01224538613380303,0.01267526763413323,0.01172481159043659,0.012239886062533121,0.013682218702658035,0.01392516736777766,0.013480100900900899,0.014131692463109283,0.01353890534356646,0.013396944323933478,0.012268381778741864
BRN,0.08479115400000001,0.07417632863108002,0.08630776561725892,0.08394118739156886,0.06608510995331213,0.05085180062501406,0.04247047012549166,0.03532304616258944,0.02417798025503908,0.025199937318570655,0.022372374395331577,0.029995473597698788,0.027753473229439902,0.018266419880387706,0.02401546754960035,0.024458392866454605,0.041520334591986584,0.04732142954964447,0.04267449878009971,0.04250755605142918,0.06420911450422362,0.1155567862282151
BTN,0.0003399456098765432,0.000332589623228836,0.0002972599376053484,0.0003027790146550694,0.0003364238707143312,0.0003698121576303075,0.0003570221880377091,0.0003565117619293965,0.0004207465785054217,0.0003963250458878459,0.0003931712017221457,0.00036738033120696815,0.0005567291858714591,0.0003889676516035722,0.0004689740761833149,0.0004910500325765199,0.0005184914895726928,0.0005525555129380305,0.0005781072957797622,0.000603033465060241,0.0006476154554959823,0.0006493899115605105
BWA,0.0001342753865625,0.00015244280859375,0.0001316320765625,0.00012055029015625,0.0001544070871875,0.0001570743821875,0.00015756484953125,0.00015759200562500002,0.00016230093703125002,0.00017766268343750001,0.00020168667031250003,0.000205702231875,0.00021809257515625,0.00021605701953124998,0.00022715937421875,0.00023309207578125005,0.00023333725359375002,0.00022481648359375,0.00024458630984375003,0.00025539401921874995,0.0002766543828125,0.00027012328109375
CAF,0.0025305819397993304,0.002326891615705292,0.0024050375437611113,0.0023116528490227683,0.002581351347202268,0.0026596639934989698,0.002744393621079952,0.0029542446793911262,0.0029072799978591005,0.00297672446588888,0.0030896408263342344,0.003257338350453574,0.0033255609418464376,0.0033960994743057727,0.0033980593837579912,0.003434340000024424,0.003458663443508264,0.0035739299045772378,0.0035459520405334488,0.003627754995257035,0.0037016966809541646,0.0037079721285824927
CAN,0.00749552980713683,0.0055092169563415614,0.005356061369731534,0.004954146037076526,0.0059289719146764655,0.005754645835694814,0.005411001351795224,0.005318593581576839,0.005509656591781208,0.005354988728628267,0.005408545905807906,0.005009885935850588,0.004808633803574774,0.0048541356363913084,0.005095006672850241,0.0050126008212336565,0.005504387001077457,0.005925476021965391,0.006280612507191572,0.006676861172799056,0.006769594138359742,0.007061291504516996
CHE,0.021165842529956937,0.020093913361325936,0.020296246147687904,0.019975836309188987,0.019831510647503624,0.01981558577864805,0.020054283178898083,0.019910272049781012,0.02050054092306838,0.021012594781607042,0.021144088895535332,0.021323251638181766,0.02133120792670678,0.021126398937444855,0.021363722924274714,0.021210702697493703,0.021290454371181086,0.02082460340115962,0.021664364766277283,0.021187478148097662,0.021121772492224966,0.02125340245613098
CHL,0.0022897672021538465,0.0022424077724916636,0.00202229418372329,0.0019517278335163752,0.002019565936171654,0.0020764947405690817,0.002262655292702642,0.002301480983504425,0.002378600226564803,0.0021669713472521083,0.0022748853975978326,0.002212651603180012,0.002335146607469628,0.0023688813864536267,0.0026067214776584386,0.0026703185865373084,0.0026499759480090937,0.0026329232726783084,0.0027442822726948253,0.0029342586365959365,0.0032686224920200455,0.0032593414951621793
CHN,0.0018203052944737333,0.0017614032131842516,0.001828846771719065,0.0019495492053167591,0.0020652846181843836,0.00214523099910401,0.0022411020470054833,0.0023555338164405488,0.0023498931164891356,0.0023846038395132613,0.0024101194804288296,0.0023623656393307758,0.00238605155668545,0.0023784021864196488,0.002425531256120813,0.002447157466717727,0.0024706853658334484,0.0025257270179693324,0.002560645047880127,0.0026506555111762706,0.002687982421116891,0.002797613941896034
CIV,0.00021969055815384615,0.00020924506987362733,0.0001845151334197832,0.00017815821014549525,0.0001914971354820687,0.00019906569833326972,0.0002082091469858904,0.0001859264008025204,0.00020435686734017225,0.00021869548954415807,0.000224253094030984,0.00021163667897006636,0.00021145707896267637,0.00021505039336765051,0.0002155664672652351,0.00021725273602503852,0.0002278026876014856,0.000237658435671887,0.0002355084890772734,0.00024189743748568186,0.00025002061740985306,0.0002580784544833524
CMR,0.00585802996,0.004205533113040481,0.004017637963648616,0.00403412511114581,0.004175805236676045,0.004227760365268734,0.00429805915040068,0.004326738060509457,0.004844904206115696,0.004839691276771086,0.003991150367658099,0.004188377405492621,0.004045035645847826,0.004481085270543725,0.005188770077691684,0.005497135405083044,0.005955532118996093,0.0061277511819201255,0.006815928383045219,0.005182815478723928,0.005290404818140163,0.005492895941030441
COD,0.00014802804154696135,0.000137039415476656,0.00013303415601415732,0.0001332783266251828,0.00013330704606093495,0.0001333557362454319,0.00013056456297432032,0.00013023540835245244,0.0001303622413208974,0.00013210005966407182,0.0001311161154423779,0.0001308385181796968,0.00013959706372673899,0.00014250506024654836,0.00014217344546859365,0.00014964930567139888,0.0001543134356894323,0.00015304317383684412,0.00015328985981308412,0.0001473664961704286,0.0001632646792912626,0.00017394531144767606
COG,2.3575094000000004e-05,2.3852852142790184e-05,2.4368373432277184e-05,2.6126976450440212e-05,3.586729771531557e-05,4.557882426466844e-05,5.488514736872449e-05,6.359892663005972e-05,6.931211293757096e-05,6.560923018128195e-05,7.090459049889881e-05,7.34946047452252e-05,7.518868301263022e-05,7.135051354425321e-05,6.864469107570158e-05,6.754013437547346e-05,6.739404513993317e-05,6.788956016362524e-05,6.415523936319758e-05,6.556398170619506e-05,6.579589071338521e-05,6.501386624213913e-05
COK,inf,inf,inf,inf,inf,inf,inf,inf,inf,inf,inf,inf,inf,inf,inf,inf,inf,inf,inf,inf,inf,inf
COL,0.0023033352059334228,0.0023580276872108476,0.002292417598901534,0.0021873968275285885,0.0023430237335263556,0.0025084096776910427,0.0026411691043610698,0.0027041236981423353,0.0028892263589507835,0.0025256324730260804,0.0024156098288633464,0.0026146118508039258,0.0026654666541723903,0.0025399769158471848,0.0025093726242847443,0.002555002779350395,0.002407493801077157,0.002474089555583609,0.0024948835910101005,0.002444212298764376,0.0024127616739635137,0.002529347089167975
COM,0.010820658666666668,0.0072079693169888985,0.007952831791845406,0.007086355311202974,0.007775360235022557,0.007247917362059374,0.008092273711082745,0.008046252275504885,0.008083152340513227,0.00817658572842259,0.008287664013992127,0.00855427864717912,0.00868694653036979,0.008761131443126215,0.008448226612881587,0.008416718870254695,0.008399555335879579,0.008484649243342359,0.008475925254220466,0.008470886935839165,0.00850665086916412,0.008490161035766127
CPV,0.0036431999999999997,0.0028627557620652666,0.0027336608700048027,0.002687417891282637,0.0030005826363947866,0.003175447924948322,0.00339850473875207,0.0037136442967430554,0.003941630548402722,0.00423302855826808,0.0046331507475711586,0.0037511804903326102,0.0038074789951418656,0.003875688979586514,0.003977932685408649,0.004025505568858759,0.00405007063255376,0.0038066837396350485,0.0038056659303491716,0.0038375022267630723,0.004076630184728781,0.004118601058034367
CRI,0.0075996045066666655,0.0070832936947133295,0.007366611164670659,0.0072418313047404054,0.00763702634795764,0.008740243872243347,0.007524274222900764,0.008094437052307692,0.00870947053673627,0.00935472026438569,0.009719362827208755,0.00968757053144654,0.009178797833992095,0.0092056650976,0.009605551769854132,0.00927298568006563,0.00868649618688759,0.009192546917936781,0.00958071115000021,0.010393910541233179,0.010576482519954633,0.010989364972844154
CUB,0.0039324937488,0.003844007177955108,0.0034659071529650914,0.003063141208291593,0.0030064521309791843,0.002848480851858771,0.002702751448224852,0.002706372614961257,0.003061709003178272,0.003220497796030116,0.003193546200007187,0.0032966115271253903,0.003126872378900596,0.0031861958240461063,0.003342083500283369,0.0034297969019274374,0.0037965065013100437,0.0037314327149495156,0.004002200869231038,0.003254733170451861,0.0029655433199473557,0.00360742407991091
CYP,1.3973386981818183,1.5066358320000002,1.593004856,1.407966688,1.2820084280000001,1.2937899439999998,1.290360056,0.6662870968421053,0.9532662657142857,0.3014108911627907,0.6116635,0.5382056550000001,0.5438992953846155,0.6177389145539905,0.5928027266055046,0.6126830914027149,0.7916605834254142,0.8339333945355191,0.8729610304551906,0.9585348513935469,0.578828929235168,0.6758958498526899
CZE,0.01952841306555671,0.01810694222004122,0.021332662321479054,0.020113158906253394,0.019058150689513848,0.0179135367367412,0.016908686097856507,0.017236892175482497,0.016361711883552867,0.016140264192604687,0.01541794416035999,0.015279134505946142,0.014554711753035474,0.014511092307692307,0.014819888756650244,0.015651324987951805,0.01633978560812183,0.015447456944664031,0.016019979221896383,0.01605495208395266,0.01624431359178803,0.016132115995017075
DEU,0.042161996044374005,0.033080388122535644,0.03264690736036866,0.031333532852219,0.031546800499396864,0.02962426114820315,0.029319523394559815,0.028854880696251615,0.028747732607659577,0.028655131603273137,0.028496203301965124,0.027430736795923845,0.027328888308394896,0.027387489260533804,0.0276535207027171,0.027943746679779065,0.028005661693212187,0.027770683841478114,0.02726316975580168,0.026679988143393295,0.026183405765051772,0.02604889267666064
DJI,0.000562362765,0.0005365272793987887,0.0005302238384275661,0.0005302326915349049,0.00038741027393223527,0.0004790225360431819,0.0003073892970020325,0.0005262223326410006,0.0005302694139721888,0.0005302745901745409,0.0005302731706393218,0.0005301743270680624,0.0005275438219453035,0.0005259655093114037,0.0005159910164910382,0.0005257597657158656,0.0005225005069922584,0.0005281984169826354,0.0005345737802832045,0.0005394080665372129,0.000542791278601903,0.0005497435359983129
DMA,0.038272006000000004,0.02827672601019428,0.035408279224376726,0.028406598412345125,0.03904144979469952,0.048064132664520476,0.028557847513311432,0.0290137731927597,0.029111693077564633,0.02791293621660912,0.02894036897120851,0.029745674996303418,0.03071875004633577,0.02991158554324717,0.02963816973949392,0.02933783818093567,0.029308238378844068,0.029382583042450172,0.029421820777756902,0.029378361418652656,0.029605894752691413,0.02965151848227057
DNK,0.08027329437988827,0.0347279282312423,0.03491255559605911,0.033679630241545896,0.03483347870822943,0.031967590850961534,0.03125208307581227,0.0318772169500609,0.03382128144329897,0.03606019460300137,0.035604761847769034,0.036174499697211156,0.034898469461638486,0.03584008452036794,0.03614477275331565,0.036360668705882344,0.038495468226353635,0.038906882467155304,0.04089427788431622,0.03887313430851973,0.03793648353375184,0.03888471915818432
DOM,0.006749608765246449,0.006297026736184079,0.0064097139968713876,0.006448622279638634,0.006646577652037038,0.006809408858931357,0.007984675676790825,0.009556648905664475,0.009565455222137252,0.0096974630455605,0.01052037371994498,0.009605501934455212,0.00926492836297046,0.009719980729197216,0.007998876028380314,0.009423665046584156,0.00939195871892539,0.006740235806424909,0.007209375020133934,0.00731907093960146,0.007446625072175014,0.007029402874458984
DZA,0.0008782664470765655,0.0007985761195767858,0.0008364078097886189,0.0008561327970689492,0.0008703302776949071,0.0008767285124208475,0.0009055271782458922,0.0009129160732761244,0.0009180279863867026,0.0009792528721385041,0.0010128068423383794,0.0011063171995025329,0.0011749645946076298,0.0012364849407519329,0.0013112331385374547,0.0013694236622416197,0.001424070327539417,0.0014396793208493336,0.0013766766287833657,0.0013816480960770565,0.001376504353217301,0.0013924408537202425
ECU,0.004474626837035581,0.004949721914543632,0.005257791124744376,0.0054757005609909724,0.005291250412470024,0.005278982230861724,0.00543270862745098,0.005788604686011607,0.006272433917087967,0.006544239890092258,0.006593723363482997,0.007053204947099295,0.006612276770096463,0.006821883573608247,0.009495866907759089,0.008361031308214946,0.00883120604579168,0.008928812019193858,0.008863712258564966,0.010580774688728025,0.010413613212657368,0.00951888156930202
EGY,inf,0.1155642975845675,0.13282703702993473,0.136923161143781,0.13566912124380667,0.1679777334698802,0.17635254093122635,0.19144262946541404,0.2010426797245586,0.18980741802858783,0.20036299858939838,0.20975013329204972,0.20924175029435502,0.21712138634865097,0.22163409809213716,0.20934749608275627,0.21316185252561048,0.1901082471759216,0.1826974794471182,0.14765124726832993,0.13843858094716566,0.16669796396141792
ERI,0.00036172474063441936,0.00034079840960666425,0.0003321715959707272,0.00037789894503724875,0.0003833772916935006,0.00038806370812159924,0.0004253906843996262,0.0004766757395117823,0.0003976925486430054,0.00047876803922695466,0.0004840796463858212,0.0004925422005711362,0.0004967578109840013,0.0004779849533825871,0.00046819451366660834,0.00046602045071387013,0.00047384464744913463,0.0004887601757304002,0.000496515503002551,0.0004978057994103451,0.0005063688110652499,0.0005080508263462319
ESP,0.008604624820101204,0.00794518547733231,0.008161266279041984,0.008575164918032787,0.008665836894187288,0.008480693917985147,0.00819427547394459,0.008032696200343645,0.008043720880324545,0.007414530276865481,0.00783429930382754,0.008044989295378795,0.00834976704133802,0.008061580172532652,0.008279602765610173,0.0087339368725525,0.00903799150904617,0.008942941270933374,0.009289576418838121,0.009483505110796216,0.009417414099486337,0.00961998683032607
EST,0.025333655389312974,0.0066801792974051895,0.010191297421686748,0.006876247992791171,0.008640771551679917,0.006739933438735177,0.006981704519522556,0.00721034185397867,0.007381782564102563,0.007156626266866566,0.006503002161726155,0.006711304983193278,0.006734862488706366,0.0068153091510204065,0.006814125269311065,0.007545166614718615,0.007708239419087137,0.007364914209850106,0.0067903109243697465,0.006894184737288136,0.007279896000000001,0.007313808017391303
ETH,0.0017845915643999997,0.001786641276129937,0.0022479551554537647,0.002215633668822149,0.002244674548455191,0.002302757407655503,0.002480355415257064,0.0024512403739897818,0.0026148456924803593,0.0024720611194615815,0.0028851500269934135,0.002708503359675895,0.0024653237588141393,0.0024432311942851944,0.002622686580727157,0.0026540490863973913,0.0026551888035415815,0.0027205073404418323,0.002842733763095019,0.003167793287390164,0.0034344534019345925,0.0030946329869938204
FIN,0.6181413450769229,0.0233990032743106,0.02439058303157894,0.025189807567732113,0.025047345592592595,0.02377446169678407,0.023487752193645992,0.022546636999999998,0.021394384511627902,0.021949664255192874,0.02155169921965318,0.02128265968526466,0.02114877728901734,0.021657200211764704,0.022072233827737226,0.021699742678745644,0.021810446375350144,0.020816881557951483,0.0197329800660737,0.01917259248888889,0.019362854291407227,0.018555619951159952
FJI,0.0027947734335260115,0.002931669710982659,0.0026216013179190755,0.0023341221271676303,0.002507115283236994,0.0025519983815028902,0.0025708371791907506,0.0024159362543352604,0.002376024462427746,0.0012954391790193844,0.0014580989045736871,0.001529841498881432,0.001180850216066482,0.001570844302963776,0.0018756844806960304,0.0021764444396551725,0.0013470211425520556,0.0025032860317460316,0.002152513476664919,0.0016952146153846159,0.0015668129259451063,0.002334184236147074
FRA,0.022145703648264688,0.01741186405377969,0.018236807808166264,0.018028048164039388,0.017628771091820105,0.01761337555385064,0.016994893520217776,0.017086279172607508,0.017243350654331267,0.017180219402484154,0.01740186975459135,0.01789601785837969,0.01737383458172359,0.016787196175659894,0.017253911522403974,0.017986326264169145,0.018032073594713625,0.01778005944859644,0.017676726523803858,0.01851752425465377,0.017333517438443583,0.01711155058736085
FRO,0.0004168351844362172,0.0004189423059973184,0.0004988880862235332,0.0004204950255949438,0.0004186095682483155,0.00041053609110771157,0.0004042150299585524,0.00041043372272714563,0.00040919040827833245,0.0004097390871162588,0.00040980415969906175,0.0004284535504662858,0.0004284539951674376,0.0004421550178885956,0.0006018101061423062,0.000627900939382241,0.0006326199432140355,0.0006328811014079152,0.0006456791962300172,0.000641029162940412,0.0006653270518927128,0.0006710080962256153
FSM,0.008424,0.007535557742195188,0.007535557742195188,0.007548612563099256,0.007567599940110795,0.007576220883172946,0.0076028880866426,0.008034064578255241,0.007575582271234444,0.00767445008460237,0.0072896798470174565,0.0076695001700102,0.007556270494338922,0.007686458010536102,0.007570804277080428,0.007603112116797371,0.007734921816827996,0.008021605513130936,0.007948579413134607,0.007785006984324073,0.008011867408120788,0.008030196651029855
GAB,0.0001260875903307888,0.000127827846298115,0.00011446737403300154,0.00013078233885621077,0.000140559449328619,0.0001576943824031816,0.00011960279174405194,0.00011939385969650788,0.0001263810485961539,0.00012605593545383126,0.00012696180283743063,0.00012696491954819844,0.00012799097418509346,0.00013027974160780483,0.0001325034347288251,0.00013184891673218864,0.00012492228406438694,0.00011821664670759765,0.00011803316649401488,0.00011161393781850368,0.00011236592088497698,0.00011216540072729891
GBR,0.012163030034432766,0.009785195550096338,0.010480032444947454,0.010466125988272151,0.010585240494971436,0.011053843015598482,0.011297673418198814,0.011615127504254648,0.011330945382182558,0.01131252955619689,0.011869457786173633,0.012215372630401294,0.011727530557120757,0.011462758576433946,0.011984097018850812,0.01223548198840343,0.012102138822092094,0.01213952598014033,0.01229985016899171,0.012241011846350102,0.012500851312482122,0.012317328254578418
GEO,0.0036906398452012388,0.0037195775670103098,0.003898167465979381,0.003982093208247423,0.0038108018432989684,0.0038184726206185564,0.002841445569072165,0.00278453697113402,0.0024847778268041235,0.0024505810432989693,0.0024016132226804122,0.002086927237113402,0.0017884263649484537,0.0020252208328179755,0.002166801985626283,0.002238115130166881,0.0020451771334634747,0.002087941372931867,0.002278784585817061,0.002148945978724498,0.002026341931240043,0.0020605815632869107
GHA,0.0005083891749272017,0.00047787566116351375,0.00048021292140172834,0.0004964657283806423,0.0005803055905363227,0.0005735035041496359,0.0005996718736891987,0.0005839697644690206,0.0006538799725396375,0.0006489667762688351,0.0006661920938243627,0.0007144866512060452,0.0007452815929165345,0.0007718693698393823,0.0008284178277671763,0.0008738064642661665,0.0009423088537388253,0.0010573417686830144,0.0010740725921793896,0.0010853249132613805,0.0011304651579274456,0.0011632896005150041
GIN,0.0003862851024299065,0.0003894808994392523,0.0003999573842990653,0.00042746318242990657,0.00044963425981308416,0.0004738315342056075,0.0005146301936448598,0.0005431659125233646,0.0005733563282242991,0.0006082709132710281,0.0007016848680373831,0.0007410457910280372,0.0007826764504672898,0.000826647684859813,0.0008696356699065421,0.0009123728201869162,0.0009629362089719624,0.0010166366138317758,0.001082907414953271,0.0011151981360747664,0.0007928467917757009,0.0008377469379439252
GLP,0.014494283333333332,0.014809402597402597,0.013504470588235295,0.014048246445497627,0.013500587677725119,0.013388739336492891,0.0139436815920398,,,,,,,,,,,,,,,
GMB,0.0020866936479400754,0.0020166306655877105,0.002089848690344054,0.0027103654925627703,0.002798772913596265,0.0028457896685341955,0.0028749365019987154,0.003020112962474952,0.0029579597449403937,0.0029643064132286088,0.0028873405169432954,0.0027914556668645328,0.0027980345039817587,0.0027707230236964477,0.0029306782955998154,0.0030946919557596417,0.0029747377952238107,0.002688867390060205,0.002301197815267565,0.002149000629106105,0.0020305027403644976,0.0020357797696961342
GNB,0.005198165496872829,0.003619832537383921,0.003141512126133612,0.003246254001274583,0.003269230654367599,0.0032041445134046646,0.0031864976197389233,0.003162665057975062,0.0036149942723905522,0.003339221488471061,0.00360669689982569,0.00355956468075124,0.003546852840594857,0.0034376563677849226,0.0032764667016686763,0.003170513149895362,0.003354687492172218,0.0034363084264294958,0.003467463168342402,0.004044353981647817,0.004066157733346319,0.0041831414401786084
GNQ,0.004430877192982455,0.001815708607031096,0.001593118460434858,0.0016172223680756105,0.0016510685849979048,0.001635883241066935,0.0015499762583095916,0.0015367590228821699,0.001420530195602992,0.0012786335778940496,0.0013317007926673355,0.0013397512639629564,0.001331530557057869,0.0013720332220021874,0.001340905991232343,0.0013179454587474,0.0013073812900011497,0.0013127091572862793,0.0013086763750694242,0.0013104340246862668,0.0013126865671641789,0.001320572020261383
GRC,0.004304305735187166,0.004518833922372438,0.004662664898376696,0.00480137083938294,0.004872433658717296,0.0048504493550827425,0.005022123911132576,0.005146558545903259,0.005180696087812264,0.005335707524006195,0.005419678559577278,0.005441663651515151,0.005534000073191017,0.005588215429383347,0.005282820813087366,0.0045650092793966405,0.004579611944482998,0.004628925055208412,0.0049357216592350005,0.004999680562490482,0.004623254372244827,0.004568894792396322
GRD,0.01725,0.014323775820406892,0.015246297739672643,0.015465070797152468,0.016226734822271154,0.01709816949152542,0.017431067344345613,0.018025668653158522,0.01876524261015058,0.020066273170022533,0.024147778755868547,0.02338562768002366,0.022716192453109945,0.025013594927265945,0.026942805105620662,0.02797241935483871,0.029617120167815404,0.030102520831769383,0.03194760952881942,0.03413280792614277,0.031685941428894075,0.03790874651810585
GTM,0.0028844921162227604,0.0029963800359624026,0.003120705332781457,0.0032016789584905655,0.0032517533576890403,0.0033207452305040936,0.0040616707678149885,0.004318109417825863,0.004678491805235602,0.0057935200510910055,0.00656883493015701,0.007331588497002726,0.008349697345035654,0.008894864541137491,0.011553916346769739,0.011905371783545005,0.011987107266147604,0.012160764769683108,0.011857534536606467,0.012102282201696917,0.0122560338304,0.013645084695466663
GUF,0.0056364,0.004453351351351351,0.004194054054054055,0.003518216216216216,0.0031207027027027033,0.0038321621621621622,0.004129783783783784,,,,,,,,,,,,,,,
GUY,0.0005404034343434343,0.0005406527172132699,0.00045458852823910363,0.0004910058818348032,0.0005130449529479434,0.0005372504725099144,0.0005507537536339451,0.0005635577486964944,0.0005590095749487939,0.0005567295631932083,0.0005835280914643055,0.0006360739099833449,0.0005565970845219021,0.000665045666938287,0.0007651461897440976,0.0007151644489111785,0.0006730951460972209,0.0006638376489692248,0.0006887552902825495,0.0008044786033075208,0.0008213075459081322,0.0007712283901703382
HKG,1.803731944,0.8806849689586506,0.8217760140556369,0.7686390258285175,0.8370320452650388,0.841080909417255,0.9278508034773445,0.8237356466710614,0.5745230007283321,0.5721421345769488,0.603859190897598,0.6093344622360777,0.5784314413818449,0.589732018640432,0.5627524826054775,0.5158363805997779,0.49903555588852266,0.49561282310899335,0.4892108153603366,0.485770087818059,0.5257582377553532,0.5215238362457955
HND,0.004740811427055703,0.004365297403848438,0.004074690455018996,0.0042683669037050145,0.004460891522875559,0.004605461128889645,0.004854164949340746,0.005069486225886989,0.005152051977468356,0.004023950762465614,0.00417692088802106,0.004407369452962365,0.00425745387409249,0.004262836796175889,0.00426719765491398,0.004293294624237379,0.004245748048253398,0.004211141182423947,0.004225745699336518,0.004210025371514634,0.004125109828508687,0.004150584679507187
HRV,0.01799959147286822,0.015917869406904275,0.016922313162634647,0.0167787126185567,0.0181164390449827,0.019450685815699656,0.020363990421052632,0.01953740010526316,0.01608727568710359,0.016001922050745486,0.015864516201349245,0.015994612576148683,0.019190647787886667,0.011107463191819026,0.009822284812680115,0.009425254205499277,0.010076484774774776,0.009476719940915803,0.009705492601190475,0.009727920525073746,0.010543411842105263,0.010558199628058729
HTI,0.010015305836734694,0.006641442650552345,0.006861307279396567,0.0069638588716144844,0.006961733244688739,0.006876973688327824,0.006857869108839432,0.006958322171907896,0.007087160856240323,0.007016913305121208,0.006824111425197221,0.006969323035524083,0.007107018852746537,0.007170636642874795,0.007161977387076773,0.007264959934068654,0.0073454308486108275,0.007406356945366985,0.007349727898235816,0.007950595610079006,0.008136809426461935,0.008229255442775106
HUN,0.012301914694576595,0.010655081401677539,0.01014109728,0.009040839608938549,0.008469470756706753,0.0080902693866171,0.00836471942079689,0.008405521811467444,0.008328078782778865,0.007907548777120316,0.00967464618657099,0.009704010028387096,0.009955875607235142,0.009511806221649485,0.009977060386597937,0.01058846171574904,0.010298171532019704,0.009835499586527293,0.010016980222996515,0.010150197979094078,0.01069332008006858,0.010786326516473859
IDN,0.004062824011094211,0.0037534751234404237,0.0036042475978473325,0.004613202399492619,0.005189219997022355,0.004244537265660251,0.004880220334018721,0.00424602455218217,0.004673148483636764,0.004913744383475174,0.005115674407750456,0.005556436647372729,0.005768468605687181,0.0056813812266738855,0.005621136398262438,0.005721015989170052,0.005841994033102786,0.00560528628947163,0.005821260532030844,0.00582995399717589,0.005168530114276997,0.005452698680288501
IND,0.03954977014550485,0.014343901836502054,0.01560905965528768,0.023087538916227224,0.01809042753302178,0.01904274725386766,0.020564433447039517,0.023007816186893792,0.024410417656599456,0.026550565433792358,0.03459360879399878,0.034759129195600744,0.03754330403757974,0.0434133459368909,0.04354090528100355,0.04728612446389537,0.05103215129030378,0.05303595770010199,0.055096069770600574,0.05804034867806325,0.05631313031462433,0.061101713220077014
IRL,0.019766640004505818,0.019470987691614518,0.018525798505950875,0.019214962572445347,0.01946536552744138,0.018790764486029222,0.01873898630368652,0.01970969688706366,0.017011901772320263,0.016584678706654706,0.017520315080208827,0.017500821523627686,0.016695482239460373,0.017646319303414634,0.019877060003903393,0.01989229994497666,0.020183623954090353,0.021308484946653734,0.021637605604231787,0.022020022668586513,0.022526178322736037,0.022973567411320756
IRN,0.001513461049613734,0.0015436585597424894,0.0016751024690128756,0.0016041294568240343,0.001690245661630901,0.002750701868716976,0.0029038555481642053,0.0030503714546809375,0.002496148601701522,0.0025447490276486752,0.002673222438782779,0.0027109479225158597,0.002744961991790209,0.002821535462631883,0.0029574513960036637,0.0025242521841435696,0.0023989689793398245,0.002137608609967093,0.0018288603290701226,0.0015715652767920754,0.0019962411013332427,0.0025309589636665878
IRQ,0.0020212460449999994,0.0020643271719999997,0.0020813379610000004,0.001581874844,0.001699944115,0.001892896008,0.0018260749789999998,0.001731015873,0.002296515665,0.002322689972,0.0024429434789999993,0.002469548494,0.002559217479,0.002332278524,0.0023304745289999995,0.001862206458,0.0019413789580000004,0.0019490017109999999,0.001938437094,0.0019917608010000002,0.002036810144,0.0020747918122961105
ISL,0.0007408851636363636,0.000662290043593833,0.0006682960404470462,0.000664757242408098,0.0006643941215351812,0.0006565852700106724,0.0006505748937533369,0.000687877852248394,0.0007011459486081369,0.0007076329791108731,0.000714419562466488,0.0007298191382636655,0.0007755033376205787,0.0007627844737406216,0.0007508517234726688,0.0007702300107181136,0.0008258369774919614,0.0008571076698821008,0.0008588428403001073,0.00084069554340836,0.0008216291682743838,0.0008246780450160772
ISR,0.07197728329577464,0.07553679285925927,0.09179202683076923,0.0993122468091603,0.09293470490225564,0.0984635606567164,0.11024230670588236,0.1081586025109489,0.11762723252525253,0.10677053714285714,0.11875360008982035,0.12204713794285714,0.1252207055142857,0.1376191432571429,0.13430914937142854,0.1387482510285714,0.11897811017500001,0.1297260470310559,0.1208588134177215,0.1320279027,0.1273955536,0.1371543686585366
ITA,0.03662911194946015,0.02357503100860355,0.023693597254859842,0.023747739941788457,0.024057908678276927,0.02310656307306889,0.024024971049826337,0.02325576660441954,0.022674315212529366,0.022022903307728194,0.021610332548367594,0.02049409212949857,0.021418964453859733,0.018336663218341286,0.0175097032771244,0.019366823674450084,0.019999574237452408,0.019199053081717803,0.02241783267741935,0.019085448278492994,0.020336980260793076,0.021130547003573093
JAM,0.006610424349344978,0.005672237434406832,0.0061337860551877186,0.005894838106661135,0.0046913319064333546,0.004585766016509428,0.002801669366965525,0.0025920084386877617,0.0027925913355272853,0.0026025053835660172,0.0025497791025556266,0.0023558565671498734,0.002379527219922751,0.002694670266781358,0.002478205853606657,0.002929665880901791,0.003023709847364083,0.002658410172466026,0.0026627715898826397,0.0027552869449222906,0.0027348872784731977,0.0029698614845875327
JOR,0.002406324293299621,0.003436042781671159,0.0034635062749326147,0.0034020268102288023,0.004583929706594885,0.003239329125168237,0.004228580317631224,0.0049140014333827284,0.005626414449078434,0.004974785601078168,0.004077948442048517,0.004899958339622641,0.005776406938005391,0.00583496226954178,0.005579519029649596,0.006792808318059299,0.007515135466307277,0.007832219870619946,0.008739550450013475,0.009577400846361186,0.01031331246228448,0.010186826495956876
JPN,0.18054125272897192,0.0480863342366782,0.054247775784615385,0.04984972824390244,0.052060648072072065,0.05189370727503527,0.051688125297308804,0.05218956400199672,0.05357788018788769,0.053516681439492265,0.05329285499764279,0.051851175097853766,0.0536665458945448,0.052827544591508055,0.05184931607877462,0.04858195266104078,0.04731084642977527,0.05119941886884003,0.05261414338580246,0.052991396293749986,0.05436680133017379,0.05286707749504196
KAZ,0.0002697033924731764,0.0002616028357052664,0.0002687900414176254,0.0002801562369932361,0.0002963550614916135,0.0003112386856181388,0.0003291078495342521,0.0003461991457727219,0.0003590079421356533,0.00036108542080434013,0.0003590591010311943,0.0003538753480677061,0.00034223535554540646,0.00035128158677477417,0.00036876236875831264,0.0003817485651473976,0.0003952816784319619,0.0004112671384136545,0.0004302903738550224,0.0003316432475447513,0.0003451148689133465,0.0003576544294359536
KEN,0.0016869612169014086,0.0018100107133978986,0.002028804277469925,0.0021382553303384757,0.0022335994920356953,0.002487361877063889,0.0026468834014622823,0.0026645153671588226,0.002721880977007891,0.002881438769017013,0.0027975784802521213,0.0028066393080232385,0.0025905385441343087,0.002660219396838371,0.002726769671792575,0.002899111144660105,0.0016449372696438695,0.001388927981593567,0.0015831558158123133,0.0023164428450471496,0.002078632540049911,0.0020765733257567596
KGZ,0.0018395069120654398,0.0017678059355654087,0.001809544754954707,0.001722469590253478,0.0016849038246977677,0.0016735486822092847,0.0016783868819842335,0.0016874601003815,0.0017232380932857415,0.001779691081454525,0.0018408879397752672,0.0018503306759544958,0.001868778811465016,0.001907229814089057,0.002045973227926233,0.0020731693402941905,0.002128490383255183,0.002169328221371143,0.0022643638339554,0.002339634368775958,0.002398605774742342,0.002439518540151444
KHM,0.00745929089032258,0.00643795126025797,0.00546161799836894,0.00509836895008497,0.004688939273091239,0.0045182238393258614,0.004733490568784081,0.0048087447430275425,0.004900553115360757,0.005048271746391423,0.004891948244834825,0.004899588666485475,0.004926436462540843,0.004692249932386973,0.004358339478876912,0.004292715343168715,0.004310329572591135,0.004383801300891556,0.004357614508738965,0.004408878595544181,0.004219825625355166,0.004113656356924559
KNA,0.06288300000000001,0.010024,0.019568,0.019209,0.018609,0.0146482,0.0073279999999999994,0.010430000000000002,0.013382,0.009092307692307693,0.010109090909090908,0.01,0.00742111111111111,0.0064622222222222225,0.006450222222222222,0.006722222222222222,0.006095777777777778,0.006449111111111111,0.006875555555555556,0.007137333333333332,0.006,0.005930666666666667
KOR,0.6738428223272728,0.1676113462639821,0.159671514028169,0.17041305270306256,0.16880003397444518,0.17068076779460173,0.17650189351242446,0.18050741684615387,0.22039467408571425,0.27134276084639497,0.22577634346863465,0.2597591782101166,0.18968871755226924,0.20489784834941593,0.20383976536885245,0.19943819033696214,0.1912287047098976,0.20828898011036173,0.2101503941895262,0.2162867621859297,0.2252037770584457,0.26149763127262016
KWT,0.016391305382352943,0.01459350588221638,0.01745426940115325,0.018677629430979465,0.01982478562321674,0.020897107472522672,0.020567437444379034,0.019882990151359737,0.019473231942317277,0.018860748278958395,0.018818111868745022,0.01858518666629747,0.01893036163569012,0.018673593151020122,0.02232867995663713,0.022932620747348767,0.02633927238008692,0.02566247749395591,0.02539173915616309,0.02677122867203367,0.026200458694214817,0.02652771793345047
LAO,0.004152283195031056,0.00441252137721519,0.004873333333333334,0.005232503896103897,0.005277610526315789,0.005493893333333334,0.0057080272108843534,0.005936827586206897,0.006204576223776225,0.006470228571428572,0.006704985507246377,0.007014411764705883,0.0073818235294117645,0.007482304283604135,0.007508744041358936,0.007795788023633677,0.007998552909896603,0.008268850186115215,0.008539233725258494,0.008806355273264403,0.009107326339734122,0.009450434883308717
LBN,0.020861848713846155,0.018016827558208957,0.020495918179710148,0.020634282617142854,0.018740527800000004,0.02000085397837838,0.01577683986,0.014911764859999998,0.015511596150000001,0.01912819908,0.01504493172,0.015121093639999998,0.014744974930000002,0.01618201886,0.015495993999999999,0.015669082679999998,0.01408418986,0.01484046357,0.0159095899,0.015306668399999997,0.014674109489999997,0.015079482339999999
LBR,0.0002653824181809873,0.00023811292708251125,0.00022987858792500372,0.00022242883380161723,0.00021670859881247785,0.00021009876747622383,0.00021191861103996303,0.00021441731483545423,0.0002181871017975815,0.0002248207294607739,0.00023076148582765383,0.00023897314696626752,0.00023546430086025095,0.00023189411635469008,0.00022575658201039991,0.0002198927772881887,0.00021451645081059043,0.00020499660685847202,0.0001943560986401544,0.00017919565337274666,0.00020012194804130647,0.00020116349582181638
LBY,0.00022876105714285714,0.00022936464986625545,0.00022975890303947102,0.0002458749114291913,0.00024641001335614585,0.00025049490188883714,0.00027967712643852104,0.00029063135684261537,0.00033833871261525265,0.0003040824910825784,0.0003401029490510239,0.0003091463020979947,0.0003100441527732786,0.00030967100380103454,0.0002976198960462738,0.0002887917135587868,0.00029116078559925334,0.00028125652891816796,0.000284097708973066,0.0002878486435979655,0.00028374701660204807,0.00026910088204646905
LCA,0.048882990769230784,0.032394920893596794,0.03582744502314815,0.035160922944220824,0.041588447224394066,0.044212796941235144,0.0531734909345888,0.08687049180327869,0.08819817649776683,0.09086536940357538,0.09615484889187376,0.09107244542866182,0.09322782463743959,0.08916982937330568,0.09126341541413496,0.0946453961312027,0.09066318211702826,0.08732905562742563,0.09005742482139889,0.08386591364205256,0.08554054191903093,0.08123738498789346
LKA,0.009892106372727272,0.009319276158787951,0.00943432556598803,0.009719085302767033,0.009505575664207549,0.009718651726330489,0.009105763622102596,0.008532647982447504,0.00823207379267892,0.008512799452202314,0.009854714197945242,0.008625173868194244,0.009357191523225181,0.009269117139155458,0.009015841519781879,0.009557893171252793,0.00959888541045019,0.00923197503618845,0.009643471272147104,0.009548583778473417,0.009798645249903218,0.009626065821999036
LSO,0.000428788912,0.0004560404579999998,0.000404234478,0.000401759792,0.00039685754399999997,0.000437632594,0.00036071462600000004,0.0004314991520000001,0.00041862712599999996,0.00034767470600000007,0.00033864111199999997,0.00041000028399999994,0.00042099473999999997,0.000420672306,0.000409417026,0.000406258388,0.0003893367739999999,0.00036224774708287614,0.0003512752149197168,0.000342709129350753,0.0003535467298294605,0.0003106720335095242
LTU,0.024991577698189136,0.006597028356652949,0.006634316942657343,0.007835189323308274,0.008348155707218915,0.008059047107438018,0.007680756210237242,0.009258055787716955,0.008805942208223972,0.008785582139774085,0.008095599735698138,0.008050871998610265,0.008128858765169633,0.00770609239267062,0.008263043162723756,0.008564733073873874,0.008996897842414583,0.008755092452754323,0.008695146797202798,0.009056545763811456,0.009557343358627516,0.010349051752146666
LUX,0.023990774953846154,0.02362391539814117,0.023314087519025875,0.02367986898036732,0.023154065857359636,0.022533181862060207,0.02184622155810984,0.021758820120120117,0.02198996043899949,0.02209303092887876,0.02241221703787593,0.02151397600497822,0.020670095675809238,0.020613679969803723,0.02203848676212007,0.023992005318475364,0.02546370880566802,0.025821113306684764,0.026567566441888138,0.02764175640415675,0.028144454489590246,0.028177841836797096
LVA,0.007535489108910892,0.004647643412629758,0.00408806028736235,0.004775388050688704,0.004674710060890931,0.004324123739512585,0.004055350628189663,0.0042925326939039,0.004202217291666667,0.004042107365329907,0.00410360570537194,0.004050138482864844,0.004056167291265872,0.0040732088681045995,0.00453172078125,0.004724655274201724,0.004918422279525528,0.005035815234827365,0.004870566787852865,0.004763288397126622,0.004789016762481089,0.0050556769629298785
MAC,inf,inf,inf,inf,inf,inf,inf,inf,inf,inf,inf,inf,inf,inf,inf,inf,inf,inf,inf,inf,inf,inf
MAR,0.0012546830977142856,0.001239882666169757,0.0013309474517842169,0.0012259200544116277,0.0011982920885120656,0.0013069133634584927,0.0013495008553060653,0.0013606802323674646,0.0014699096787477873,0.001564025814404174,0.001612933996459517,0.001698246482810025,0.001779217184570949,0.0019031564680890712,0.0019492339636634677,0.0020011091966831264,0.002080663648374173,0.002213712711264325,0.002251728708655548,0.0022613667958632255,0.0022684432464514202,0.0022618000799387037
MDA,0.009257986094240837,0.008508610472727274,0.008713944687179486,0.00879329707012987,0.00898707834375,0.009443488153846153,0.00909538151111111,0.008963045233333335,0.007254224974789915,0.007663476598870057,0.007834589575070822,0.007234311454545454,0.006920163783475783,0.00650959928,0.006449083438395415,0.0064809289567723345,0.006697821095969846,0.006150927607361961,0.005629598616241571,0.005250807213886436,0.0031456094391315577,0.00286167645768025
MDG,0.00016693074064864864,0.00014143666161789336,0.00013631442267430786,0.00013742220483180394,0.00013965523518393163,0.00015617750978856089,0.0001538422102276059,0.00015816200067376036,0.00015995624043008228,0.0001613510676484854,0.0001608029628028799,0.00016118078279288975,0.0001620403757006913,0.00016145863865250608,0.00016436608147709045,0.00016576115086264882,0.00016692253053804043,0.00016191621870249696,0.00014137905559069477,0.00014291309505939055,0.0001251005027639306,0.00011091959609738506
MEX,0.0021752271988832884,0.002174919904441862,0.0022153456413262695,0.0022668571449738053,0.00232322168240418,0.0023447927513926474,0.0024157076946894683,0.0024633862622752464,0.002614265822647825,0.002680125716044099,0.0027623575074972625,0.002852617594599241,0.0029025464749117156,0.0029186666116506636,0.0029711005306988073,0.003005201226109991,0.0030573238694798434,0.003125584906065118,0.0032087352970669343,0.0032790332687840313,0.003301137023923424,0.003378532979416353
MHL,,,,,,,,,,,,,,11.442676056338033,,,,,,,,
MKD,0.0025958696981132076,0.002794280946031746,0.002115289345132744,0.0024510073180661575,0.00273092394687915,0.0025395565506072873,0.002657746977242303,0.003748912367816092,0.0036309409220563853,0.0038148701577060923,0.003190725671641791,0.0030952400657698054,0.0023919230648714812,0.002505001516049383,0.002533659679408138,0.002330213423980222,0.0023501653201483314,0.0023580030358467245,0.0023805952795031057,0.00228617969689441,0.002268827190062111,0.002057314034912718
MLI,0.00019922656588235293,0.0001828761053714286,0.00018951338125714287,0.0001848069988571429,0.00018023935839999998,0.00017543605062857144,0.00017682502674285712,0.00018232894228571427,0.00015915082746207254,0.0001631082436501814,0.00017056567789491727,0.00017539275209279737,0.00017707304785577553,0.00015003863329619155,0.0001608261560526842,0.00018020474683580468,0.00018842906522670782,0.00021089439650295706,0.00020940797931487672,0.00022452956292677353,0.0002819950785406131,0.00023609810908259765
MLT,inf,inf,inf,inf,inf,inf,inf,inf,inf,inf,inf,inf,inf,inf,inf,inf,inf,inf,inf,inf,inf,inf
MMR,0.038237711286624204,0.039920034687898086,0.042511937057324846,0.04717586051282051,0.05563385086816721,0.06310745893506493,0.07147498921172639,0.07814476016993464,0.08639268950819672,0.09956783223529413,0.1092377160647249,0.12093513368831169,0.13180044410423453,0.1433317491111111,0.15505476167320262,0.17009683409150328,0.18922604403973506,0.11872775606639005,0.033383186993763,0.034265365010438406,0.034903011625,0.03542947535
MNE,,,,,,,0.002255360299559471,0.0023473634260485657,0.0021579295221238934,0.002091077433628319,0.002061925312638581,0.0024546242660753877,0.0021205384390243906,0.004912687358490566,0.004491033706422017,0.0041151979360730595,0.004817154874330449,0.0039919893212669675,0.0038906228501026695,0.004574034157119476,0.004758533387821824,0.003664112065979382
MNG,0.00017058855476665582,0.00012269676922241782,0.00011604703273691803,0.0001031277682907419,0.0001284742307644646,0.00011913497085649618,0.00011053347177454866,0.00012135323249605736,0.00013978744537014156,0.00016926568004104308,0.00012920162066371014,0.00013713867821742713,0.00014661810744264923,0.00016212618227136249,0.00016064482544722835,0.00024532370026875854,0.00022549866826382817,0.00023879431490140673,0.00028853958266057456,0.00029573836074177275,0.00040169380881409003,0.00028071657057830924
MOZ,4.0422483963963957e-05,3.708677064271678e-05,1.473718937695542e-05,1.861324576550096e-05,1.998654238057409e-05,2.2479376356129566e-05,2.19762445776424e-05,2.3592984216298824e-05,2.6739823535331894e-05,3.071241319653722e-05,2.708193254449292e-05,3.224159934889767e-05,3.7902257196684297e-05,3.490764251439244e-05,3.7960467678329815e-05,3.7338060823679956e-05,4.7193082692189495e-05,4.683428639714258e-05,4.243637688062455e-05,4.580433598181686e-05,4.662813764569243e-05,5.4552359312271345e-05
MRT,0.00011876548198726114,0.00012394920867117462,0.00012801493499680337,0.00013113459525103462,0.00013532423310941947,0.00013873300479314623,0.00014040994629313215,0.00014029901122040967,0.00013810980410378248,0.00013909184073747333,0.00014765311182083447,0.0001525919947551545,0.00016030647435755392,0.00016572231826665151,0.00016217307760196033,0.00017416729485245306,0.0001815745848062129,0.00017680643409964905,0.0001763493738115913,0.00017824581916605725,0.00018518489745560128,0.00018777447072805686
MTQ,0.01811336666666667,0.01668316049382716,0.016467588477366256,0.016077811659192826,0.016970941704035875,0.01707897536945813,0.015307730941704038,,,,,,,,,,,,,,,
MUS,0.05059906571428571,0.012617416839001515,0.01584162319964886,0.016279837057050817,0.018845878438709128,0.019435310704393628,0.018493548601451762,0.012381213200148828,0.01286776267915887,0.014527236512767485,0.01552836667425777,0.01910880437404519,0.01666246776698784,0.01483976511083752,0.014859671593622925,0.015419050966153926,0.012825798544020923,0.012587778140805313,0.01329498975000491,0.013244900140463204,0.01265399300349825,0.012632072280600233
MWI,0.0012857978983783784,0.001202759070440634,0.0012620707385109775,0.0012968864424714162,0.0013798150447805041,0.0012792172871281455,0.001499467277395828,0.0016854023249994212,0.001844068450269385,0.0019564711171513286,0.002130602969612643,0.0023406458696762404,0.0024819216087743987,0.0026714191346934803,0.0028329449941734775,0.0030330573155088795,0.0031429789194148154,0.003383409404702823,0.00368815761697681,0.003897294080280763,0.0041765267184777615,0.004505038274634952
MYS,0.006720323873684211,0.005427792849046883,0.0060925154675357225,0.0066013060746720476,0.007302545923309788,0.008022866649861357,0.008843398819907646,0.00990210540413288,0.010687403572534851,0.011864814932362125,0.013021487346303501,0.013715745743086066,0.014606989080578513,0.014841410403961433,0.015267710855790722,0.014747874769230769,0.013879545283819626,0.01335465369761273,0.013526538949602124,0.012726238663129974,0.011879442412638632,0.01058884157262296
NAM,0.00020227897084210524,0.0001724847824672261,0.0001572117727433491,0.00016407870980840025,0.00014061497559621274,0.0001344053968270204,0.00012523425708048372,0.00012635609175696153,0.00012771746820565736,0.00012721428120043588,0.00012545912353621145,0.0001245758464693456,0.00012847278483171928,0.00012886020121292976,0.00013060570788077323,0.00011968952462785187,0.00011871862444322342,0.00012330418081626395,0.00011016165050699647,0.0001086381078660949,8.791756484736234e-05,8.813710617185526e-05
NCL,0.0017396033162393168,0.0017252448612279227,0.001679370541215654,0.001722617621899059,0.0017930721869488535,0.00161212515660463,0.0014060010800744874,0.0015168065290446472,0.0015775398406374503,0.0016365740551583248,0.0018228005508474576,0.0018968538274336283,0.0019599611739180085,0.0018953260123541521,0.0020025724776938916,0.0020851414902770607,0.0017512946710262144,0.001704239086789422,0.0016668675959387368,0.0018561522629495781,0.0017222669649515287,0.0017756827396317326
NER,0.0003361635653913043,0.00029384274696567166,0.00029578906871271875,0.00029168275761967693,0.00030696614331635064,0.0003024016664441261,0.0003211024273196747,0.00029085078581190214,0.00028763898758978437,0.0002969559796898234,0.0003261750548725142,0.00031117165317156534,0.00033297594867325497,0.0002730799014768283,0.0003013441403481891,0.000351106649062181,0.00035645548919009863,0.0003681481183176536,0.00037345619234161186,0.00037052058006655105,0.00040214779696281166,0.0004032555828182406
NGA,0.001990717088878096,0.001881623893491689,0.002037092989348246,0.0018796354392723578,0.0019612997243611823,0.0019194804345621878,0.0017896556251813518,0.0020402425619976457,0.0020544994409553465,0.002147876836750786,0.002056022693238656,0.0020584973653834195,0.0017530625397960355,0.002133100527601378,0.0021568799955225377,0.0021729738397703235,0.0018931221129033155,0.0019236925734739743,0.002024206097079581,0.002086092846396285,0.002054552060344018,0.0020352669250411344
NIC,0.002319130713043478,0.0023632846493679307,0.0026140411308970104,0.0027441179429708224,0.003077305988063661,0.0031428930835543756,0.0034312934059016393,0.0036791952944983815,0.0037701211430400004,0.0041158053632911395,0.00448960522375,0.00462881171673951,0.004303159429444106,0.004539798577886378,0.00462652452168601,0.004452970983506415,0.004539893210751374,0.005595379724558196,0.005324934324505327,0.005677655159817352,0.005869182872417984,0.006334182602673147
NIU,0.00039944,0.00032061627347135295,0.00032099277108433736,0.00032224617860016096,0.000323901338062228,0.00032532579733548643,0.0003328748682183116,0.0003448836830974459,0.00034420630372492835,0.00034739766562551374,0.0019252747978214227,0.00035235962511404164,0.00035868128217904,0.0003353979642916736,0.00032840487723400703,0.0005639679626230603,0.00031959552064181844,0.0003116760103757008,0.00030649916247906195,0.0003058505457598656,0.00030398785425101213,0.0003017793955811394
NLD,0.08815955721033374,0.06964497281772407,0.06936340160432088,0.0695192246650426,0.06924079137239403,0.070853034976,0.06881951686420722,0.06949285506493506,0.06908297553417124,0.07199198581457082,0.07266152784085202,0.07251957638368918,0.07289577524427326,0.075132433017294,0.0745525691997987,0.07654438496825397,0.08402131161368206,0.08649535805645163,0.08825001902330296,0.08623606236585366,0.08762201332323996,0.08566661264634146
NOR,0.09514240392405064,0.022369338049382712,0.022105133569465647,0.022070505038167938,0.022410575358778627,0.022480819151145037,0.02215471618126888,0.02162134072470305,0.021940549009796535,0.021761679701946472,0.021806663326690175,0.021315704943199267,0.02100469840468124,0.02182382381185038,0.02097675011082746,0.021296075646051866,0.021757268736471862,0.0222181552775065,0.022747330116955518,0.021862020626036326,0.02178994796234153,0.022382158088549615
NPL,0.00990415871444569,,,,,0.011218838741383146,,,,,,,0.01438689946534601,0.014550511040547833,0.01468313193605654,0.014576693564592003,0.014983632169605621,0.01549370339414274,0.01608960062644834,,0.01668135779376751,
NZL,0.010562377360281504,0.011058910772444426,0.010975371223599447,0.011918689267682142,0.012590286869834558,0.012362801091918181,0.012695393313383645,0.01283960927120059,0.012990433940883488,0.01278723239195045,0.012845223776291853,0.012642245748719234,0.013262310926776393,0.013859232020995151,0.014402534089745608,0.01549425313403565,0.015451074612513781,0.014932076696216507,0.015744139747768282,0.01628383338355575,0.01681356220335061,0.017102329480550058
OMN,0.0014376834836363637,0.0015175141180679785,0.0014893820623973727,0.001463117842185129,0.001460042765536723,0.0016334767231638418,0.0016061144922206508,0.0017731723081272086,0.0021733184394542356,0.0024157141663088593,0.0027480723163191946,0.002819929590965033,0.0029127072412533784,0.003781079195041925,0.0034315302261783164,0.0030042876386619033,0.0032665336478966,0.00330530159965537,0.0030524696172693115,0.0033238371873080277,0.0036273746925834416,0.003717077311967663
PAK,0.03731279834399999,0.042551117944,0.04368167864559999,0.04483303888,0.0460314374176,0.0472752790176,0.052629838383200005,0.05431271749119999,0.05602735853680001,0.06138175896639999,0.063656718652,0.0656997580112,0.06748367743440001,0.0696048786056,0.0731421591432,0.0750891987256,0.07642961159919999,0.07888307716,0.081283063932,0.0840136304792,0.08673340623999999,0.08657799745199998
PAN,0.004843329214332246,0.004622352339273446,0.004509629653016724,0.004206759967829487,0.004421046459864378,0.004556107781612701,0.004666449938848934,0.0045977223299882835,0.004771320542459096,0.005184846786167446,0.00551518310522175,0.005985281631022639,0.006345904398936665,0.005911766279811002,0.005796570093464641,0.0056505622328675625,0.005004638067186922,0.004952940639346751,0.004964201904949415,0.005178128798955608,0.005031074066721871,0.005314699998578479
PER,0.000999569185639574,0.0010087554083414842,0.0010333927373939171,0.0010575417612265776,0.001103060273979408,0.0011585443485612296,0.001220922110211688,0.001240494735266902,0.0012495495590157427,0.0012639891577035092,0.0013013516133510204,0.0013475639304691726,0.001390540091482759,0.001433317747453151,0.0014653094323639794,0.0014781215284846235,0.0014811415692847604,0.0014473845994881665,0.0014836700444632285,0.0015108955626207449,0.0014473333307449695,0.0014781797037790529
PHL,0.018852352383999998,0.017529908513810945,0.018120526035805627,0.018082845398378605,0.018023097427014977,0.017569158502373766,0.01824626160745039,0.020512129524736415,0.021119593818392703,0.02108930717569087,0.021611582215587042,0.022080863289661253,0.02091519080605985,0.021600784330427232,0.02158213299468969,0.021436712271310377,0.01957433074308423,0.016968163475015157,0.014257400477003707,0.014319363726541391,0.012608849077793268,0.013287806201119473
PNG,0.0015285814666666667,0.001440436394985588,0.0014392712710071664,0.0014753168575750008,0.0014200614341891413,0.0014268257408708933,0.0014322877075947898,0.0014474360813654186,0.0014224811369009187,0.0014224821004673194,0.0014394061939838213,0.0014527948842435988,0.0014868687315764783,0.0014755084438346797,0.0014669974801454666,0.0014237093718841279,0.0013698442786821312,0.001126984050331606,0.0011301087914570827,0.0011148917251714314,0.0012650619910186658,0.0012498467180304335
POL,0.01687567863237815,0.016988402993788822,0.0173845949713644,0.02008433368910649,0.01926686329034175,0.019193394104517272,0.02194081329975124,0.022217709383063285,0.023514786663316585,0.023735107577358486,0.02334493567801858,0.022700129183834704,0.023272525800374304,0.02303081779787898,0.026228487280769232,0.02797121257161332,0.02810885162708661,0.03007347666855882,0.03095455160126984,0.03136431933759591,0.03069291322510147,0.03225399781234584
PRI,0.01770832439862543,0.014527631996666604,0.014343050340136053,0.013685214454837797,0.016066959204091506,0.01430148640726981,0.015339162405357801,0.014679801138890272,0.013799401279567662,0.013151062713615769,0.012413474237312875,0.011977753548591529,0.011156817225406419,0.011120652907310366,0.010938598385422415,0.011294696270613644,0.010788027466594127,0.010511507807927742,0.010234824514515352,0.009883942478907694,0.00982487692136145,0.009559969404081967
PRK,0.058589999440000005,0.013182525380353775,0.01305228325050198,0.013259459699538841,0.013282518684200115,0.013074290244097,0.013445337787673243,0.013460948054793004,0.012556314669043023,0.01224112915361953,0.012328996456828873,0.01219612551376408,0.012337497044088612,0.012011257695690412,0.011452541255088086,0.011545856043046388,0.011785737597069596,0.012154000166666666,0.012157188243346006,0.011845156162361623,0.01164317316967509,0.011024074068493149
PRT,0.012524706916214993,0.011412423143878449,0.012158818935145737,0.011536291462616125,0.0114592881964308,0.010642157879476786,0.009791238175550368,0.00894725311112555,0.009918174676562301,0.009532435695329963,0.008823382987720048,0.008923912171359136,0.008737738023875773,0.00808744342684179,0.007753940503318432,0.008528165084179216,0.008215351525437762,0.00780490823655628,0.007690146934977891,0.007248234534060566,0.007450140691430254,0.007665845826558979
PRY,0.001793250429104028,0.0017728829865716602,0.0017831493902453585,0.001731659630412886,0.00161297260110631,0.0018345152891929427,0.0021746404437900033,0.0019154055101825466,0.0020954180813270804,0.0022053281378250056,0.0023953526841694025,0.002409583764187965,0.002088866072828468,0.0026007686724401225,0.003110362917879581,0.002932773427879957,0.003051588402632438,0.003399047485083564,0.003117540366559026,0.0030443530224454683,0.0032338204770793084,0.0032479393564709066
PYF,0.002820679398872887,0.0022923654761559924,0.001895669935450606,0.0023755054210483407,0.00262823936281702,0.0022273065596582634,0.0023094144709791416,0.0026488176922195485,0.002356884830995577,0.0029592482617886774,0.0024378234631782696,0.00278713202937197,0.0033761697838198637,0.0032054661813057765,0.0035131415858890833,0.0036978372491053364,0.00415276538381211,0.004697895823240728,0.006002873736896782,0.006628340918271173,0.007973480455158145,0.010189647005751663
QAT,0.01031533088,0.0119240424,0.012789951520000002,0.010962950320000001,0.00943117408,0.011924356080000002,0.011931247839999999,0.01159754864,0.01318671008,0.01435344064,0.013488891600000002,0.01364209512,0.014118674080000001,0.01458863256,0.018957445759999997,0.018983062480000003,0.0159779916,0.018574228239999997,0.022205190079999996,0.02051151144,0.018168290959999996,0.01501555248
REU,0.0252008,0.023989019607843134,0.024381215686274507,0.023213843137254903,0.024351450980392153,0.02511576470588235,0.023504071428571423,,,,,,,,,,,,,,,
ROU,0.0065325922416649826,0.005240914368064952,0.005377743511365494,0.006028533613717244,0.006742334388473054,0.0068529464741144425,0.006461501410564664,0.006806676770809578,0.006385688501610152,0.0066836085686802615,0.006093118626157836,0.005897484248708487,0.005428932690787021,0.004909843548780487,0.005287894699726527,0.005456052541757443,0.005586715548375116,0.005481592564305948,0.0045124764796920114,0.004237975937184521,0.004779649634851485,0.004777537184469926
RUS,0.003197946248647222,0.0020813787601711266,0.002157133743444935,0.0021739177730893374,0.0021226873994436165,0.0020041876355692753,0.0019476630131336355,0.0019482963182325382,0.0020027292944162145,0.001992640007270094,0.001975438262135644,0.0019120832764096768,0.0019226150295127546,0.0019042218083642909,0.0019365367509566278,0.0019265289605814363,0.0018741936419277565,0.0018780720945047868,0.0019119538943834168,0.0019388744606572467,0.001968072057638914,0.002010207459798643
RWA,0.004300240684615384,0.005068972104417671,0.005403911585623679,0.006331815068376069,0.006503955516198704,0.006803704925764192,0.008096027694323145,0.008918373919642855,0.010211538089285715,0.0100242865,0.010197652228310502,0.01072374672517321,0.011322759508274232,0.011721666708133972,0.012136101215311005,0.013710782210526315,0.012440109624999997,0.012413593903381641,0.013150318398058254,0.013281755941463419,0.014139107254038179,0.013712403322728878
SAU,6.0359964541176465e-05,6.077708895299753e-05,6.165175022954455e-05,6.319975614099735e-05,6.456532368727883e-05,6.842327129645751e-05,6.793622047654644e-05,7.213495187564582e-05,7.187864653123197e-05,7.961254996552406e-05,8.810473683298953e-05,9.8274540449718e-05,0.00010389126489294032,0.00011217976591664903,9.421291764954408e-05,9.619755611763213e-05,9.83161582765257e-05,9.956947394214833e-05,0.00010272994392884962,0.00012610081132888586,0.0001480147091480253,0.0001444929614418659
SDN,,,,,,,,,,,,,0.0007242700116492802,0.0007275925443732665,0.0007372284873202067,0.0007420675596178687,0.0007589879654411975,0.0007774737710665101,0.0007869422998644927,0.0007811673596188312,0.0007843223079512174,0.000763975876644665
SEN,0.0011914125012389381,0.0012521741451327435,0.0011707082435398232,0.0011485524049557523,0.00115662219539823,0.0012749023685714284,0.0013462133214285717,0.001179955082142857,0.0014111322157142857,0.0015605953628571431,0.0016103177914285713,0.0017342551871428573,0.002022777949285714,0.002076617285,0.0020157536707142857,0.001983577377142857,0.0020222614535714283,0.00217569999,0.0021580885057142854,0.0021802342892857144,0.0023678698999999993,0.0024132599449999998
SGP,inf,0.0444904593639576,0.046636042402826865,0.07304670658682635,0.08411146161934806,0.07267945823927766,0.07539192399049881,0.07157127071823204,0.08469281045751631,0.08625565912117178,0.08732903225806452,0.0914135135135135,0.10011732605729878,0.11341267387944362,0.09589589905362775,0.08872353870458134,0.09689280000000003,0.08074838709677419,0.07382495948136142,0.2614193548387097,0.10053833605220229,0.08063947797716149
SLB,0.009825472571428571,0.0073374810624746495,0.007946085393258428,0.007122953474272975,0.007501528223733352,0.007424096612235886,0.007872092439774978,0.007987786374860795,0.007913337938179934,0.007947072458741582,0.00791523412911645,0.00796948834872667,0.007901622041427124,0.00802881998228116,0.007902062709227215,0.007936369879813589,0.007936314633961694,0.00796260221497383,0.007955025627396637,0.007961441127113101,0.008090452410383189,0.008126913444075725
SLE,0.00025926760363636364,0.00019112733720590125,0.00019022602181378073,0.0002092411934458818,0.00023115401418916394,0.0002989067550045286,0.0003936172181334652,0.0003922317435343616,0.0004649427080968696,0.0005996720439660147,0.0006349049817682216,0.0006843694324269164,0.0007210202003256101,0.0007566502778301544,0.0007813936557278248,0.0007139274224755248,0.000674244063052386,0.0006605312191152657,0.0006649237463073151,0.0006902405217152126,0.0006960026726882208,0.0007688173497881131
SLV,0.0112233026953125,0.008314032960406828,0.009459240146896804,0.007543732283698477,0.00736954598065764,0.007988379112355058,0.0073466318557577825,0.007666285104645226,0.00790789888680851,0.007966976924910607,0.007880444885028105,0.006380129434219495,0.00677321524718718,0.005537399508867666,0.005610104383748721,0.005424356596456034,0.0055681537055152636,0.005395867957794419,0.005161548150437919,0.004961171313755796,0.005199644973381417,0.005400433700841489
SOM,0.0002945581249302325,0.000318245244919014,0.0003105793726501446,0.0003283743864431764,0.000338063251439271,0.00034514768040566857,0.00033482285170438836,0.00031015373813792044,0.0003041995975931919,0.00030221530658146946,0.0003134477269407692,0.00031736502366977595,0.00032124750353906286,0.00032284387806104625,0.0003144611526453792,0.0003101324853608832,0.0003030800108936399,0.00029860452806092106,0.0002981846785632201,0.00029469257489715483,0.00029265562913200806,0.00029443691871375283
SRB,,,,,,,0.019119651289161446,0.020068091730618638,0.02119268052610602,0.022359100223776227,0.02269663728883638,0.019804501482645336,0.019165527481772294,0.018403330863712843,0.01901685690970275,0.018764696979710147,0.020866144391437313,0.020262585902597403,0.020090404988165687,0.019296673481481483,0.019346038533532037,0.01968644757957958
SSD,,,,,,,,,,,,,0.0007487560324411137,0.000762528718847268,0.0007800503409773586,0.0007923105019128334,0.0008370085092829834,0.0008445733718407798,0.0008930543477874303,0.0009500451052710179,0.000896110777746575,0.0009444431638975902
STP,0.015417739999999997,0.008440947641713544,0.008701425635478637,0.00906827029972752,0.009186640952171036,0.009609047408063802,0.008925634246498285,0.0099632621796677,0.009179700917639061,0.009434308878104482,0.009551837822183608,0.0103619616378724,0.010672243532864651,0.011082131902895259,0.01306523055746731,0.013026120369095166,0.016389245765641203,0.014964862766842252,0.016201840388619014,0.016914622314622315,0.018867658064964873,0.02450728802949155
SUR,0.01048441638095238,0.00741199421965318,0.006594160903008383,0.0067993061744580875,0.0067860283759699274,0.006459004155164423,0.007564005647822648,0.007581149438727783,0.007726984920772554,0.008448402914333674,0.00869684957406936,0.00894651853904515,0.009111921211494635,0.007664097888875469,0.007418383264252502,0.006954132188929434,0.008977838572350034,0.00890211186969966,0.007558481986065312,0.007661546615821259,0.008326454637708773,0.008515760344742718
SVK,0.009173624443930637,0.0087146170514064,0.00921985779538905,0.007984100655383507,0.010595374533233755,0.010559311341772152,0.009162744878892735,0.009365673386481801,0.008630166304273502,0.007778009381196581,0.007107473454057679,0.006726939206163121,0.006825201290980126,0.006790140068540096,0.006634243307086614,0.006571023941055517,0.006555444454388984,0.006555780693240901,0.0063703247793103455,0.006465569274956216,0.0065242838743455505,0.006676073746478872
SVN,0.017079658687898094,0.01778396516717325,0.018825045507598788,0.019399308839506173,0.019322150935064935,0.0175883528,0.018802320234527686,0.01744174453918495,0.013953921515017885,0.01331157773313648,0.013328561898965308,0.013219829529145776,0.012967375402033967,0.012604125469412475,0.01248038416286206,0.013033664461289923,0.013657287222373875,0.013785362385344028,0.013459342188596053,0.013573830562627929,0.013829790734712273,0.014120405814185817
SWE,0.06636192755041678,0.018427348686899735,0.017037831129305476,0.016657953875,0.016640947387766555,0.015175878615017247,0.015044582901765205,0.014689110480106102,0.014350637367376635,0.01508639247256037,0.01401408247064598,0.014082221163820368,0.01351085698426669,0.013459143774762188,0.01413802915852538,0.015065475214661193,0.014303884767032234,0.014444500789624008,0.014586897652856944,0.014613309876739566,0.014620838529758012,0.014447859465961667
SWZ,0.0019887344147286818,0.0010436924695971302,0.0014597097090060826,0.001462162678530229,0.001679018900417683,0.0016041996219826485,0.0016541097160781737,0.001672776743146107,0.0017175002654063734,0.001768546820956468,0.0018296403148116392,0.0018782071288524285,0.0019397993191537356,0.0018768304281576648,0.0018616164048406356,0.0017926776149112132,0.001643448525318264,0.001630008268229,0.0016209971290157307,0.001702191328186942,0.0017803532690582205,0.001809611429926266
SYC,inf,inf,inf,inf,inf,inf,inf,inf,inf,inf,inf,inf,inf,inf,inf,inf,inf,inf,inf,inf,inf,inf
SYR,0.002457203408541691,0.002283958108545872,0.0020467121477572557,0.0023209126574685063,0.002496442834641865,0.0027985778785385917,0.0029664810547647765,0.0032390387494521545,0.0029777154795918364,0.002993805244056283,0.002688536145640526,0.003060427857543602,0.0029933168463980465,0.0029215446052760136,0.002827337059240259,0.0027724792196432936,0.0027608245476222295,0.0022952767120623446,0.002202725680440425,0.002141248550874837,0.0026611055012123845,0.0026939875508733063
TCD,0.0005122205242666665,0.0005349346302894092,0.0005651588428942201,0.0005970396012971707,0.0006308230641539599,0.000666342352142613,0.0007043023215788109,0.0007445306721744798,0.0007869908617156109,0.0008319149977325987,0.0008802261605240843,0.0009291758503218464,0.0009813703953638689,0.0010369483690891208,0.0010987273430813963,0.0011607951876724787,0.0012137506977689403,0.0012889887754478182,0.0013528050186657945,0.0014191791648594625,0.0014908806998542763,0.001553599618158768
TGO,0.001119112004,0.0009712091357588667,0.000959136404083833,0.0009192243713762289,0.0009766864670836986,0.0010817604296213064,0.001117805967311793,0.0011351984927171124,0.0011571371676687115,0.0012044520453868082,0.0012264467091630802,0.0012667621685686606,0.0011672721949493759,0.0012820991580059543,0.0008770391988291863,0.0008556523216522414,0.0008968567989496366,0.0009664300247567235,0.0009739912841071355,0.00103139807068506,0.0009288346253860945,0.0010323860050375365
THA,0.027117230174999996,0.0030611025169064157,0.002984008887458451,0.0030705525746728577,0.0032767977241960513,0.003340560805338893,0.0035092887349457503,0.0038637923386432263,0.003846658523299061,0.004125608803950648,0.004242765291051147,0.004219990437964809,0.004340294073299992,0.004281422385599436,0.004282709332299877,0.004582016945418819,0.0046323813677156865,0.004723153228477277,0.004552512767783776,0.004835300991356608,0.00434458066496921,0.00586831621725543
TJK,0.0008281528939517223,0.0009347856368563687,0.0010971165311653116,0.0013092977395048441,0.0013880184564007418,0.0014877525013164822,0.0014204250907205805,0.0015124688796680499,0.0016028008298755187,0.0016555818993548386,0.002358394525021349,0.002515802658130958,0.0026592127599284437,0.003127623484073928,0.003513967284358827,0.0056416363801943285,0.0074921658423592495,0.011501745022779045,0.012100828641589779,0.012492667867271696,0.012282851108197186,0.012294114608497941
TKL,,,,,,,,,,,,,,,,,,inf,,,inf,
TKM,0.00042385671641791047,0.0004784549701121753,0.000552144410871796,0.0006037987522217729,0.0006038370941309424,0.0006463920730903459,0.0006618505572037444,0.000847224944193371,0.000843016728354736,0.0008746562593718763,0.0008655906103890782,0.00088971070012043,0.0008731768228373237,0.0008658538184256516,0.000854343596236082,0.0008507880582466322,0.0008842091635394492,0.0008805208933951128,0.0008594570699037789,0.000851900757048213,0.0008680785200604643,0.0008661017727397993
TLS,0.0013288000000000002,0.0012080886218748927,0.0016367322621912074,0.0013816239395227621,0.0011189099208868906,0.0011226534056057642,0.0011508437209689273,0.0011618718068544004,0.0011887653323037802,0.001216424032518867,0.001249998357599257,0.0013115387362978997,0.0013552530865375693,0.001409703381241239,0.001352626783081231,0.0015232978012764055,0.0015110333887633385,0.001554439007340091,0.0015653407815919597,0.001829221707478491,0.0015981649475500098,0.0015039772005324666
TON,0.00938025,0.005755703307086614,0.005866294298921419,0.0060119944074348225,0.006172086661375573,0.006314096185737977,0.006505518496058219,0.0068128996906760934,0.006983597195296505,0.006972833806689702,0.006961364776718515,0.007145807091873735,0.007532410834614581,0.007506903122933923,0.007317696157041561,0.007054904170076703,0.007098527682321495,0.007230775353999236,0.007256558221473298,0.0072269462316176475,0.007291606010529957,0.0072780304896827835
TTO,0.019130498285714285,0.012010479358246917,0.012274459048465984,0.011213132763002471,0.011549347260469092,0.011880597868067357,0.010609720418347117,0.00873085844418598,0.009740336042083773,0.015668611023373344,0.014848559774207381,0.012710029883785279,0.011993828730620154,0.01300637656410413,0.011578122266300478,0.01077453731312905,0.010859699705834286,0.011186224533671862,0.012172171256957185,0.013741091638686427,0.014401783091445065,0.013402925696912425
TUN,0.002522230163560623,0.002569874901960784,0.002542249481359423,0.002305651946435929,0.002211202450767656,0.0022370779228896107,0.0023945204756223,0.002496855300205339,0.002462815885950413,0.0023912171275499695,0.0024989943066776586,0.0025055589940070257,0.0025086892752656806,0.0025751966539260492,0.002640350901879777,0.0027147620036607686,0.0028311639077181205,0.0027216717052631575,0.0026585592252631575,0.0025701882349473686,0.0027045652572631573,0.002798500030315789
TUR,0.005017548984964538,0.0063692677725935565,0.006149535597455019,0.006442808317164944,0.006376047954026134,0.006471187007183416,0.006765355926113429,0.007107466466716835,0.007316030927002804,0.007524962646233837,0.0079414823504139,0.008763945697201889,0.009823888663337207,0.01012676735116645,0.010341159611137716,0.010732569381952523,0.011437574863515087,0.012791425278237668,0.014479253902168707,0.015096274222070192,0.015417975435725524,0.0163680058291031
TWN,inf,0.013920359005637421,0.014309536390149062,0.014624685734886638,0.013893478744918595,0.014131421253704014,0.015111368890057451,0.01532045835336948,0.01570863110548449,0.016513693904856776,0.017555023004584745,0.018107075689227217,0.01806307245651358,0.018815319422489197,0.020035684221982562,0.020128735602309697,0.02006162869197399,0.020617634549278313,0.021184116891182835,0.022762788932996086,0.0241191105337509,0.026991469748876354
TZA,0.0009168115071666669,0.0009499593210351648,0.0009627722573307623,0.0009760243906602651,0.0009990597340460313,0.0011024886171953213,0.001120571576933677,0.001011169253025276,0.0011723210302299406,0.0012120125180394034,0.0013808515334335632,0.001507360413727122,0.0016697828253184042,0.0017060159990352343,0.001764283992828602,0.001833280319174167,0.0018534806785438643,0.0020287408916705857,0.002399023479036862,0.0025736320058206146,0.0025398314978595116,0.002642504856838508
UGA,0.002610153946791863,0.002370133259768043,0.0026875745653095373,0.003018702387254423,0.0032356783635986547,0.0034657611718452233,0.003678346043045373,0.0038975243124470867,0.003815092984827349,0.003851813212750385,0.003970121320752637,0.00409418849712604,0.004217628401037139,0.004357472713973253,0.004433974032993757,0.004555576154175274,0.0046861158910757265,0.004637503827741768,0.004944846010821965,0.00489391401082594,0.005228373419257477,0.005478299269355943
UKR,0.014140147885208596,0.011378224970250907,0.012226833846357294,0.012274565206403621,0.011084668961988783,0.010489304809266544,0.010390690188832086,0.009852561832786167,0.008984611115855861,0.008631558392572366,0.00830781229785832,0.007963925778954335,0.007940524586572439,0.008465986747829956,0.008223822531793204,0.007763009749210645,0.007634041193617742,0.0076027866750227905,0.0076548062709191475,0.007678225888586635,0.007276983087944781,0.00672439009074584
URY,0.00390513147751606,0.002877617103189875,0.003468779708797972,0.0035452831545520758,0.004102219653395784,0.004833694382281997,0.0049341004366632345,0.004452034781528329,0.0045441052501138945,0.004352037548614302,0.0046027482375068,0.004418163373929441,0.0046912807665261316,0.004577426100207435,0.004801804489241731,0.004901059426545055,0.005083903826653675,0.005319495447527912,0.005330682007655503,0.005256445757575757,0.004728838040510367,0.005271477571610846
USA,0.006020367104493275,0.005491801768355,0.005397767915009642,0.0055637581569036925,0.0054069468033580625,0.0051408960759092215,0.005187116416106379,0.005451387389834531,0.005484814774921849,0.005472103029171765,0.005355553064674876,0.005396179454827311,0.005367339215868557,0.005315636649059719,0.005297080524958742,0.004975597230625052,0.005239866463593991,0.005406373702116259,0.005532902466516288,0.00558538076667002,0.005609729945208747,0.0057515384310711706
UZB,0.0023845750122666667,0.0023718498947406077,0.0024913723095846573,0.0027082913491695356,0.0029006868650057476,0.003075412303898083,0.0033233614367812084,0.0033691765673780545,0.0036121926084835077,0.0038714707254402163,0.0043074381964059065,0.004460335148497365,0.004791254463968815,0.0051541674533389726,0.005373802224704571,0.005719049604337105,0.005997152062524943,0.005855198718035384,0.00693608272393867,0.006571508811235735,0.006521320998464941,0.006810834543781173
VCT,0.015156986,0.013047877699417409,0.012633315812527376,0.011630478865821008,0.011664905793273464,0.011590025126735728,0.01177584985835694,0.012705778171352669,0.012728482107223627,0.01335436569651189,0.013586070823298548,0.014103619524853474,0.013305073904864285,0.013571261787157611,0.0132779968560521,0.013074618390907865,0.012476444764303703,0.012453816512109481,0.01260846656158523,0.011106778302948457,0.011012977601514262,0.00969939339312272
VEN,0.002598455802192982,0.002478554625575789,0.0025354794419653907,0.002549318747502226,0.002230065901628072,0.00251367054186778,0.003025199009164945,0.00288922504040446,0.0029677177996579253,0.003017601522335317,0.0029418398895607926,0.00305238961524009,0.0035346896572806276,0.003449542970664565,0.003179787666070381,0.002726705248685099,0.002725393964919665,0.0027358178692315684,0.0026220371288701565,0.0024500924099366585,0.0024183248123520024,0.002516487345630323
VNM,0.013201794037383177,0.012285488906142832,0.012781966183327057,0.013613980693157366,0.015118223324240752,0.0168242081695081,0.01921447383155085,0.023801964893281766,0.02565982993150685,0.029429144383976907,0.031367134266101944,0.032450481614219116,0.033176495860363635,0.03268123188549729,0.03392455612468901,0.03927431415090925,0.04218486785641837,0.04663785503219784,0.04774002576954417,0.052448681667138695,0.05512015993769471,0.056433551120968706
VUT,0.009190989047619048,0.006982455749004563,0.005866592728083871,0.007224919166115865,0.006909318209772319,0.007407363478899148,0.007170555209206991,0.007308118631560766,0.00766792825349653,0.006030239366901174,0.00824326102616745,0.007542465524860882,0.007949681561712505,0.007732574751018177,0.0070382486309663655,0.006103371455683333,0.005961701923707336,0.00545500965753084,0.004491163739766406,0.0046112291049890215,0.004138495407196863,0.005012051434080284
WSM,0.03456666666666667,0.036313532,0.04454627866666666,0.037905344,0.03793074933333333,0.0284499,0.028450488,0.028450735000000005,0.022761325599999997,0.0266025232,0.022966166666666666,0.020711285714285717,0.018313875,0.015321200444444443,0.0132485208,0.011795207615894041,0.016565422889305816,0.01832367142857143,0.019718491560102303,0.020704365678627143,0.019235518252730108,0.023183696723868955
YEM,0.0003894266432727273,0.0004167344593305781,0.000434229323280952,0.00046759274520846575,0.00047688362031065494,0.0004882733821418841,0.0004934793378145153,0.0005522276190389682,0.0006088251056408393,0.0006515788485784358,0.0007088140743028432,0.0007634641071850303,0.0008061514775183939,0.0008615818019801981,0.0007567355138523026,0.0007111466905259333,0.000649776213098374,0.0006397789626669089,0.0006312902221818512,0.0007382684821509675,0.0007652059970932873,0.000813940868380416
ZAF,0.000850724246639977,0.0008519825726494046,0.0008555879028404849,0.0009373742756637604,0.0010097097247915936,0.0010945439495157988,0.0011950326256217549,0.0012170240890173013,0.0011774461221510859,0.0011818570233436204,0.0012933649086100923,0.0012627434874446085,0.0012699998456763382,0.0013798867038159878,0.0014434103174709913,0.0015250523583016419,0.0015493059283098465,0.0014502351511944064,0.0014463323789323267,0.0014911279835211825,0.0014953257641973207,0.001505403392287446
ZMB,0.0003338353608142494,0.0003372233543723917,0.0003629548749837525,0.00036485856079375277,0.00034899417204566844,0.00036835693255025644,0.0003582244883127359,0.00036480823850011093,0.00046371776828990884,0.0006759587567734299,0.0008360759033869242,0.0008381712294807526,0.0008715257871036436,0.001054075767638155,0.001106438846842462,0.0008730267115046972,0.000865086737008557,0.0011209780698847977,0.0009956646235441198,0.001018442476762721,0.0009753761808373682,0.0010239925295663034
ZWE,0.005838907098239437,0.005350165210837364,0.004806593296700326,0.004554622371541393,0.004365707201007478,0.0045134213258592164,0.004264159593864274,0.004401551054244567,0.004435201937681519,0.00483570843977308,0.0053672661712301575,0.005653297432851501,0.005760062926713593,0.005625562886106648,0.004378484036238383,0.004884573642723673,0.004953670315308254,0.004811851368703558,0.0048896887937931776,0.004968458097747207,0.005020370550991936,0.005520542210530444
