Country_ISO,Slope,Intercept,R2,P_value,class
ARG,8.028371753606518e-05,0.0027391703340693928,0.8139996331008525,2.4605493987471502e-05,bvmeat
AUS,1.0598945598575791e-05,0.0007184478116453009,0.26038453225454145,0.0900687605317358,bvmeat
AUT,0.0002524147025597113,0.019298408075604,0.9215406169831322,5.4489946686661734e-08,bvmeat
BEL,0.0009073793225772517,0.05224910903665309,0.4754911947688713,0.0398634715473324,bvmeat
BGD,0.0005935557605937703,0.015774655513932104,0.16632773808370208,0.059549698314120665,bvmeat
BGR,-8.448770345641457e-05,0.00479005557759014,0.22852496472092812,0.04479414666109698,bvmeat
BLR,0.0008919681830096005,-0.0031063067952334083,1.0,0.0,bvmeat
BRA,3.816921773835332e-05,0.005422468997464582,0.5539146903110205,0.005503337933862853,bvmeat
BRN,-0.0008520680381594683,0.05776380991451239,0.04364732428117524,0.350782394876522,bvmeat
BTN,1.611919426757165e-05,0.0002727885237196341,0.8489262556248397,1.1749042578566337e-09,bvmeat
CAN,1.3381823605211997e-05,0.005153778953774638,0.03638179527126738,0.8092598750360392,bvmeat
CHE,,,,,bvmeat
CHL,4.8178189027303005e-05,0.0018663674128417032,0.9835285516230461,0.008269919976687357,bvmeat
CHN,4.137495059417464e-05,0.0018839580102613894,0.8975479909639446,2.357474606353584e-11,bvmeat
CMR,,,,,bvmeat
COL,-1.6675717005268203e-05,0.0027801950024501825,0.4772403671630218,0.018585041350071774,bvmeat
CRI,0.0004117818581126999,0.0064047603152106005,0.7471955733668962,0.33539105624662297,bvmeat
CYP,-0.041002378104605774,1.5309738223138174,1.0,0.0,bvmeat
CZE,,,,,bvmeat
DEU,-0.0001687300880435337,0.029981582642614236,0.7276129597958,0.00020996260743355488,bvmeat
DJI,,,,,bvmeat
DMA,0.0038754703093498285,0.02662789609358283,0.8253014724218468,0.27451624017267195,bvmeat
DNK,0.0004136755198390552,0.03102492537494536,0.59151841630497,0.009310311457183747,bvmeat
DOM,0.00019795537239839997,0.0058547561624434,1.0,0.0,bvmeat
ECU,,,,,bvmeat
EGY,,,,,bvmeat
ESP,0.00017281330737116608,0.006070210637521679,0.9082432933392482,2.0137542302322132e-05,bvmeat
EST,-0.00026078922802836994,0.011655180054474478,0.708623584055928,0.1582021715067638,bvmeat
FRA,4.000571626822715e-05,0.016925177720727064,0.05606460935136346,0.5101196625850314,bvmeat
GRC,2.5547560967915272e-05,0.004768127358651316,0.1190239715608336,0.16088133150533662,bvmeat
GTM,,,,,bvmeat
HRV,1.9822076940243352e-05,0.009845629722016976,0.010527725604004187,0.8267282894211344,bvmeat
HUN,4.144773322681918e-05,0.00950718092440573,0.22110050211615728,0.1702489552248672,bvmeat
IDN,9.048629155262974e-05,0.004111915805476129,0.677322037065584,2.566323688340223e-06,bvmeat
IND,0.002128755832213924,0.014012266795729943,0.8099003444331025,1.1941785294903806e-08,bvmeat
IRL,0.0006529537634893217,0.009702327342363565,0.9268017192567642,8.090790009418745e-06,bvmeat
IRN,1.7912162529856067e-05,0.002115058582244334,0.04847211729836428,0.3248539722903199,bvmeat
IRQ,7.69888003569887e-06,0.0019849241285931295,0.03565867431541858,0.3999981753342279,bvmeat
ISR,,,,,bvmeat
ITA,-0.0004714852458039477,0.02679042961800172,0.49965981451997715,0.0004927409484329785,bvmeat
KEN,-6.154703522684618e-05,0.0032826602041108564,0.11948517284467708,0.6543337261972509,bvmeat
KHM,-8.818939837931263e-05,0.005790117613589759,0.5541986649172972,7.093208561196935e-05,bvmeat
LAO,0.00023861563241602888,0.004304563846957415,0.9954675392029104,6.460048985768817e-25,bvmeat
LKA,7.563792207403733e-06,0.00924330125586566,0.010823026528612082,0.6449908730906092,bvmeat
LTU,0.00022459056018337152,0.005101536293113841,0.819018027935263,0.00031735912300217986,bvmeat
LUX,0.0011224076452244257,0.006942838370510195,0.9584253116103871,0.021008012489179165,bvmeat
LVA,0.00011739295530179949,0.003040134994696709,1.0,0.0,bvmeat
MDA,-0.00030753043572147505,0.011093885492594425,1.0,0.0,bvmeat
MMR,0.001990516176717681,0.06539769843044005,0.06875321077110616,0.23846071575021285,bvmeat
MYS,0.0003862016959788639,0.007018589117013912,0.6071126019567966,1.9276472168248154e-05,bvmeat
NIC,0.00018419090484255717,0.002269380083082257,0.9526026620704282,0.1397169390068601,bvmeat
NLD,0.0014530929428392373,0.05800730633172757,0.8868494509010867,5.2407563847394245e-08,bvmeat
NPL,0.0003504717176032471,0.009615088121933346,0.9904077953924602,1.1670378755829204e-21,bvmeat
NZL,0.00030174782343777673,0.010456884513588881,0.9480786427698961,2.068017789779647e-08,bvmeat
PAK,0.002414665116117895,0.03803847996534389,0.9937629331244929,1.5741185282498676e-23,bvmeat
PAN,0.00018362747459199004,0.004142374703832719,1.0,0.0,bvmeat
PHL,-0.00016118425417355122,0.020300996486819822,0.1301040206772737,0.09912023295411923,bvmeat
POL,0.0007679630216980242,0.015860157128835168,0.9569268085911518,7.3721360797142054e-09,bvmeat
PRT,,,,,bvmeat
PRY,5.4136109446336696e-05,0.002122079469835589,0.593467624510646,0.02529749459032729,bvmeat
ROU,,,,,bvmeat
SDN,1.3977167211649995e-05,0.0005368561695259501,0.9664785006749024,0.11721915707635469,bvmeat
SVK,,,,,bvmeat
SVN,,,,,bvmeat
SYC,,,,,bvmeat
SYR,2.4866059928666233e-06,0.0026375114479924005,0.0023153516489685384,0.8316059394558433,bvmeat
THA,-0.00018054490049598546,0.007036678036462497,0.0559320757330921,0.2893011101141411,bvmeat
TLS,1.8815579830802992e-05,0.0011787686036864005,0.39849215510408487,0.0016294927078511965,bvmeat
TTO,0.0004352954772624502,0.004941231114382447,0.3610551712490193,0.3991213340040942,bvmeat
TUR,0.0005087917267005893,0.004151347514438527,0.917439168700371,2.6958155905981533e-12,bvmeat
TWN,,,,,bvmeat
UGA,,,,,bvmeat
UKR,-0.000329586432742885,0.013272654567379279,0.9203107755233995,3.0461074867807765e-06,bvmeat
URY,0.0001140008853063247,0.003228784167871089,0.9839355402213343,0.0008683486854816582,bvmeat
USA,4.05273682365173e-05,0.0047586189128080245,0.4072485503397479,0.03461171269527701,bvmeat
VEN,-3.484169473040007e-05,0.003181148471440051,0.24963420322958327,0.5003659306756763,bvmeat
VNM,0.0021996059116466088,0.008057339274975043,0.9734957773787069,3.051029047983208e-17,bvmeat
ZAF,-4.500514069317853e-06,0.0015756925327825642,0.0679413982176133,0.5723747983634758,bvmeat
ZMB,-1.7127574770451442e-05,0.0013609114518854145,0.2776821760068551,0.47304442691356324,bvmeat
ALB,-0.003745002874357845,0.4897583298543056,0.23895216122514082,0.028732361416274232,bvmilk
BGD,0.021198420021206078,0.5633805540690056,0.16632773808370194,0.05954969831412084,bvmilk
BGR,-0.002828661570069892,0.1698300803336377,0.32052241677080096,0.006020759488498443,bvmilk
BRN,-0.03043100136283816,2.0629932112325875,0.04364732428117527,0.3507823948765217,bvmilk
CHN,0.0014776768069347977,0.0672842146521943,0.8975479909639413,2.3574746063543034e-11,bvmilk
DEU,,,,,bvmilk
EGY,,,,,bvmilk
GRC,0.0004939410581148789,0.17286780671156413,0.041942201295266275,0.4003154283397915,bvmilk
IDN,0.0032316532697368324,0.14685413590986293,0.6773220370655886,2.5663236883398485e-06,bvmilk
IND,0.0760269940076401,0.5004380998475004,0.8099003444331028,1.1941785294903689e-08,bvmilk
IRN,0.0006397200903520319,0.07553780650872773,0.04847211729836863,0.32485397229029767,bvmilk
IRQ,0.0002749600012748718,0.07089014744975683,0.03565867431539756,0.3999981753343694,bvmilk
ITA,-0.013902235544964855,0.9376843870559809,0.4462144320209799,0.0006802980775639565,bvmilk
LKA,0.00027013543597868405,0.3301179019952041,0.010823026528610079,0.64499087309064,bvmilk
MMR,0.07108986345420296,2.3356320868014318,0.06875321077110619,0.2384607157502128,bvmilk
MNG,0.0007415325719065996,-0.003422223851840687,0.8209419305374446,4.912464899472605e-05,bvmilk
MYS,0.013792917713530842,0.25066389703621283,0.6071126019567983,1.9276472168247267e-05,bvmilk
NLD,-0.022729529191064655,3.5483571349287804,0.4711639936017744,0.3135861353368695,bvmilk
NPL,0.01251684705725874,0.34339600435476497,0.9904077953924599,1.167037875583188e-21,bvmilk
PAK,0.08623803986135357,1.3585171416194242,0.9937629331244936,1.574118528248192e-23,bvmilk
ROU,0.004774485042859653,0.07035860627314697,0.4459427677213162,0.33221053638042775,bvmilk
SYR,8.880735688804126e-05,0.0941968374283023,0.0023153516489657884,0.8316059394559419,bvmilk
TUR,0.018171133096449632,0.14826241122994846,0.9174391687003708,2.695815590598229e-12,bvmilk
VNM,0.07855735398737887,0.28776211696339593,0.9734957773787066,3.051029047983447e-17,bvmilk
AFG,-1.5038078304198197e-06,0.000875040367201158,0.02899016549896237,0.4487178032117583,bvmeat
AGO,3.2048592608398074e-06,0.00024647698055815017,0.6753611084479967,2.730084677830877e-06,bvmeat
ALB,-0.00012284452014385859,0.013829148644105739,0.35575067277489586,0.0033905676540219062,bvmeat
ARE,0.0004831418984076795,0.009755642190355686,0.7832398291363731,4.5032917560469995e-08,bvmeat
ARG,6.86264566993986e-05,0.0028776237199798467,0.7282583479052707,4.4597983687285354e-07,bvmeat
ARM,0.0001701146846030572,0.004629611951376509,0.7980354215671898,2.202253414371648e-08,bvmeat
ATG,-0.0008982925967742399,0.020038578780206803,0.7774639957665495,5.8771679141054906e-08,bvmeat
AUS,1.4022502158097177e-05,0.0006571310502987023,0.5797615499301538,3.854445515722432e-05,bvmeat
AUT,0.0002852567060699735,0.018613734206307537,0.8889498902937214,5.300473340939241e-11,bvmeat
AZE,0.00029798033868940914,0.004409333751716014,0.9842293572942784,1.6889959653529506e-19,bvmeat
BDI,0.00010321568328705519,0.001598303662654661,0.6191327862683641,1.4008346074960571e-05,bvmeat
BEL,0.00016661847334454568,0.06321875770015875,0.06686506478805997,0.2452521065700738,bvmeat
BEN,0.00011490738958246627,0.0038257400098756582,0.7029442882676259,1.1038497010096745e-06,bvmeat
BFA,3.477185500883654e-05,0.0018550814750641484,0.3141475683579747,0.006663044703421065,bvmeat
BGD,0.0005935557605937703,0.015774655513932104,0.16632773808370208,0.059549698314120665,bvmeat
BGR,-7.920252396195852e-05,0.004755242249341814,0.3205224167708073,0.0060207594884978425,bvmeat
BHR,0.017455370522868434,0.09764247514624502,0.8990051163617642,2.0413551518906782e-11,bvmeat
BHS,1.4707319961450318e-05,0.003220812257667194,0.25831145949991335,0.015730713088496124,bvmeat
BIH,-2.91907636524424e-05,0.003926097030424378,0.08000955033681874,0.20212308014655506,bvmeat
BLR,0.00033733869529383007,0.00740842569195494,0.8212528007344518,6.4113286005717456e-09,bvmeat
BLZ,-1.92036053423257e-05,0.003424609232804802,0.020854921202533756,0.5213991580943617,bvmeat
BOL,2.042616035738407e-05,0.0005283524437449489,0.8717184677355445,2.2625044665213367e-10,bvmeat
BRA,9.031348152032764e-05,0.0046316202548900825,0.767276878589596,9.24924632781042e-08,bvmeat
BRB,-0.0005207669583451294,0.020359303748306565,0.16261858694959022,0.06274799071759213,bvmeat
BRN,-0.0008520680381594683,0.05776380991451239,0.04364732428117524,0.350782394876522,bvmeat
BTN,1.611919426757165e-05,0.0002727885237196341,0.8489262556248397,1.1749042578566337e-09,bvmeat
BWA,7.053831180210955e-06,0.00012194405369440314,0.9436941477309297,5.793588524863022e-14,bvmeat
CAF,7.047668809911658e-05,0.002347032512383944,0.9536555475843724,8.22859741402821e-15,bvmeat
CAN,2.479639715581971e-05,0.005421448888775571,0.04671595446518054,0.33399973863737425,bvmeat
CHE,6.540199726372705e-05,0.020108646045202395,0.49386215199388345,0.0002651237481134854,bvmeat
CHL,4.95381940465406e-05,0.0019193932668161513,0.7586605281699118,1.3371243864348998e-07,bvmeat
CHN,4.137495059417464e-05,0.0018839580102613894,0.8975479909639446,2.357474606353584e-11,bvmeat
CIV,2.6204670319288543e-06,0.000188191563457047,0.6628175312122907,4.0214965430781034e-06,bvmeat
CMR,7.43538550491812e-05,0.0040867920918812575,0.3463564050708167,0.003961257933632449,bvmeat
COD,1.3617878427317896e-06,0.00012762883943603437,0.5331025768618002,0.00011451416356701358,bvmeat
COG,2.137139291747118e-06,3.46377936050092e-05,0.592484927241742,2.80782064506319e-05,bvmeat
COK,,,,,bvmeat
COL,5.819475210542855e-06,0.002430513284296554,0.05883032452223306,0.27677412371006266,bvmeat
COM,2.1567012988160794e-05,0.00806773506959356,0.036331436752182845,0.3955059679036771,bvmeat
CPV,5.290283649176764e-05,0.0031334276925557266,0.4556752101454577,0.0005676148515903149,bvmeat
CRI,0.00015356917378615007,0.007271203629624742,0.7852682188637091,4.094478277241841e-08,bvmeat
CUB,1.0316035606310166e-05,0.003200079813467103,0.030923673000661036,0.4337451827074501,bvmeat
CYP,-0.03985048953780453,1.3239245300444638,0.4698091497818572,0.00043075327824301524,bvmeat
CZE,-0.0002057962007863923,0.018941456390355157,0.5242302533333226,0.00013922670279721032,bvmeat
DEU,-0.0004130106960592524,0.03361677327470178,0.5978094175372796,2.4522837767198865e-05,bvmeat
DJI,2.398457514862563e-06,0.0004881279331254066,0.07444804146183538,0.21923648352906444,bvmeat
DMA,-0.00031074167262803136,0.03449488967334753,0.1744332328201808,0.05310489532595177,bvmeat
DNK,-0.0002398974235207527,0.040356171885357214,0.02527217580308324,0.4797935010078199,bvmeat
DOM,4.789421466250729e-05,0.007580528718421538,0.04879467740488791,0.32320856197809605,bvmeat
DZA,3.473408072151807e-05,0.000745947426598574,0.9077050738208147,8.256914606866144e-12,bvmeat
ECU,0.00027844919431398434,0.004205421953602564,0.9043966253954323,1.1762150860530533e-11,bvmeat
EGY,,,,,bvmeat
ERI,7.847248046167932e-06,0.00036394421558580935,0.7652444622934518,1.0101387473238992e-07,bvmeat
ESP,5.75453440865433e-05,0.007905482333856016,0.4014724961224675,0.0015457861444576585,bvmeat
EST,-0.00024386710423286031,0.010636407515933342,0.16175183636737697,0.06351928841201668,bvmeat
ETH,5.4000032083305134e-05,0.0019918637455068507,0.7806593195273333,5.076504913666742e-08,bvmeat
FIN,-0.007304300418308908,0.12570354856694357,0.13919637469441287,0.08723197931239615,bvmeat
FJI,-4.461383840897968e-05,0.0025498231942299044,0.29073653819973816,0.00960943635038416,bvmeat
FRA,-5.2083837099796174e-05,0.018306876702005127,0.09949535396703282,0.15273439652653642,bvmeat
FRO,1.3909643997311916e-05,0.00035599450304387033,0.6871900276440139,1.8692465549322279e-06,bvmeat
FSM,9.038277991124737e-06,0.007631577017177539,0.05350612196565418,0.30031430777722407,bvmeat
GAB,-7.055642198323544e-07,0.00013298659535713518,0.19448292217499755,0.03993577714573638,bvmeat
GBR,8.881436892937676e-05,0.010666774050385599,0.6056396372559116,2.0032560754428362e-05,bvmeat
GEO,-0.00010047746241239724,0.0037293756871247755,0.7386799608578748,2.99744629940689e-07,bvmeat
GHA,3.4142845346099896e-05,0.0003985954808500193,0.9447061866476029,4.8302220729221264e-14,bvmeat
GIN,3.364234616104738e-05,0.00034713768795976166,0.8559927889255816,7.250039156096039e-10,bvmeat
GLP,-0.0001606076662932142,0.014437453223269114,0.41042604731326143,0.12108630315979006,bvmeat
GMB,-3.4596411087152527e-06,0.0026644365409038053,0.0034221777036192924,0.7959507718138076,bvmeat
GNB,5.647052499857369e-06,0.003492177796508289,0.005990231356261577,0.7320905773166577,bvmeat
GNQ,-5.412469711249794e-05,0.002133586784654646,0.28543603514282845,0.010426958985566726,bvmeat
GRC,4.875396728676679e-06,0.004897109273902586,0.007174238162260599,0.7078339307204927,bvmeat
GRD,0.0010422579021850983,0.012486813169191889,0.9375605163536757,1.6341283817948288e-13,bvmeat
GTM,0.0005908157787815402,0.0013528264963058867,0.9386011376990759,1.3806339024770513e-13,bvmeat
GUF,-0.0002441277992278071,0.00485876486486485,0.4323785479494278,0.10844972480256458,bvmeat
GUY,1.469332516401135e-05,0.0004662316604987037,0.8125607689451985,1.0356785930496438e-08,bvmeat
HKG,-0.03230326059212346,1.0359139555589807,0.5310359379962296,0.00011988376151156785,bvmeat
HND,-2.071119105439294e-05,0.004601494817730275,0.18767125974982224,0.04400930015217143,bvmeat
HRV,-0.0004990833874943619,0.01972533956293225,0.6595181962829335,4.4424773472364e-06,bvmeat
HTI,1.810632155934828e-05,0.007135205917374125,0.025823115178962127,0.4749819930563982,bvmeat
HUN,3.887562667353594e-05,0.009268937646475536,0.054022105425877646,0.29792987328314713,bvmeat
IDN,9.048629155262974e-05,0.004111915805476129,0.677322037065584,2.566323688340223e-06,bvmeat
IND,0.0021287558322139223,0.014012266795729963,0.8099003444331023,1.1941785294903968e-08,bvmeat
IRL,0.0001555358157319333,0.01777876318303843,0.29693007538796456,0.008730032633523345,bvmeat
IRN,1.7912162529856067e-05,0.002115058582244334,0.04847211729836428,0.3248539722903199,bvmeat
IRQ,7.698880035697967e-06,0.001984924128593148,0.03565867431541305,0.3999981753342651,bvmeat
ISL,9.622321138155956e-06,0.0006415491755950806,0.7779512585321879,5.7481407270433636e-08,bvmeat
ISR,0.002633202739428162,0.08669928382806322,0.7765912435377376,6.114825511368879e-08,bvmeat
ITA,-0.00038926259525901653,0.026255162837567417,0.44621443202098093,0.0006802980775639425,bvmeat
JAM,-0.00015967513720565674,0.005157033968018609,0.5531413376739767,7.269201547172934e-05,bvmeat
JOR,0.00033841087666389304,0.0022376398732807186,0.8839596216690495,8.247386166307426e-11,bvmeat
JPN,-0.001489785167700564,0.07341868836961538,0.12387037099841253,0.10820267861784434,bvmeat
KAZ,5.479328154190119e-06,0.0002838970850112083,0.613368270528519,1.6345196526960155e-05,bvmeat
KEN,-5.005356476907218e-06,0.002364794322346457,0.004768076631605252,0.7601085968659472,bvmeat
KGZ,3.40409670472873e-05,0.0015831547000310655,0.7827463714353928,4.608158663012091e-08,bvmeat
KHM,-8.818939837931263e-05,0.005790117613589759,0.5541986649172972,7.093208561196935e-05,bvmeat
KNA,-0.0011258979186821098,0.024132238183599435,0.3630646947596468,0.0029998976878077323,bvmeat
KOR,-0.0029281762806219634,0.2560105134554057,0.03278011336442259,0.4200471773156493,bvmeat
KWT,0.000487089061581868,0.01596667664271303,0.7610096527511833,1.2108658690674346e-07,bvmeat
LAO,0.00023861563241602888,0.004304563846957415,0.9954675392029104,6.460048985768817e-25,bvmeat
LBN,-0.00026336235012485533,0.01941218004846032,0.5754514998480472,4.282272833639933e-05,bvmeat
LBR,-1.8051769905587237e-06,0.0002384564744583166,0.41609521069367944,0.0011893725778062449,bvmeat
LBY,2.437119773734727e-06,0.00025604577450150356,0.24032807476565518,0.020546704868260327,bvmeat
LCA,0.002736168016707476,0.045424886525775254,0.5788547950909182,3.941085228874043e-05,bvmeat
LKA,7.563792207403733e-06,0.00924330125586566,0.010823026528612082,0.6449908730906092,bvmeat
LSO,-3.7579627875244507e-06,0.0004303495580277067,0.39819382725258196,0.0016380968001160666,bvmeat
LTU,-0.00010620367900933187,0.010261271746739777,0.03588065601927435,0.3985081751627063,bvmeat
LUX,0.00020713335102747336,0.021508773890154938,0.3339410412317713,0.004851953276811557,bvmeat
LVA,-1.0282339034801692e-05,0.004726596626542082,0.008054303492540818,0.691237173283177,bvmeat
MAC,,,,,bvmeat
MAR,6.012962127608369e-05,0.0010769284214055942,0.952823461258165,9.835142518370003e-15,bvmeat
MDA,-0.0002582167044970939,0.009886077672606235,0.8336009836118257,3.112892681677387e-09,bvmeat
MDG,-4.217086850887636e-07,0.0001560647268645411,0.032985936924261494,0.418566979689203,bvmeat
MEX,6.114395301329508e-05,0.002105110634691356,0.9897600062959836,2.2440191747688956e-21,bvmeat
MHL,,,,,bvmeat
MKD,-2.7004068311814228e-05,0.002957508454034886,0.11841773698844203,0.11683914970558125,bvmeat
MLI,2.2836532138776403e-06,0.00016506558244332566,0.25295648450071134,0.01704026772414011,bvmeat
MLT,,,,,bvmeat
MMR,0.0019905161767176816,0.06539769843044005,0.06875321077110624,0.23846071575021272,bvmeat
MNE,0.00018549260540194648,0.0009148613493677226,0.5886662534573933,0.0005225563635661795,bvmeat
MNG,9.934254586418858e-06,7.810139850576565e-05,0.6717682726313415,3.0548639232683145e-06,bvmeat
MOZ,1.2934897122762532e-06,2.0383249522365956e-05,0.5858114310564444,3.319245798377563e-05,bvmeat
MRT,3.285668836293732e-06,0.00011924510962275215,0.9613174761379334,1.3456190882168079e-15,bvmeat
MTQ,-0.0002543544356055785,0.017434431208566824,0.394770131726203,0.13075836126577944,bvmeat
MUS,-0.000581628447528611,0.022722851030501045,0.2262571477736861,0.025253290682414026,bvmeat
MWI,0.00015758320671947648,0.0007533741730114973,0.9534900582001464,8.52786569753557e-15,bvmeat
MYS,0.0003862016959788639,0.007018589117013912,0.6071126019567966,1.9276472168248154e-05,bvmeat
NAM,-3.4146858802900945e-06,0.00016640588945839228,0.7475834550326029,2.1081353197945105e-07,bvmeat
NCL,8.691096511825297e-06,0.0016609304885740522,0.1256254918855602,0.10556331133484209,bvmeat
NER,4.35769384929345e-06,0.00028120927077157783,0.5474861615606397,8.279744005254192e-05,bvmeat
NGA,5.602071059994527e-06,0.0019434325089313436,0.10004155536421545,0.15155123430682804,bvmeat
NIC,0.00017515519975317274,0.002326292541790018,0.9550916322344449,6.002401516467234e-15,bvmeat
NIU,-1.5251371233679269e-06,0.0004294393887758542,0.0008383789808305705,0.8982211970967957,bvmeat
NLD,0.0007701456849893854,0.06822101392609926,0.4391098207571448,0.0007779809158645233,bvmeat
NOR,-0.0008802936538977021,0.03447206780955615,0.1338864560840368,0.09398871070396547,bvmeat
NPL,0.00034049723122792444,0.00983038873867049,0.9831735940434234,2.2068239242037143e-08,bvmeat
NZL,0.00028255997865390714,0.01065193482975653,0.9318882363305421,3.9093610172292156e-13,bvmeat
OMN,0.00012350442128619232,0.0012468279704130531,0.8718803361215717,2.2339308660704185e-10,bvmeat
PAK,0.0024146651161178986,0.038038479965343854,0.9937629331244934,1.5741185282487533e-23,bvmeat
PAN,4.468860324359638e-05,0.004623065858235648,0.2595561518117277,0.015440187364649898,bvmeat
PER,2.605943706852196e-05,0.0010264044758407284,0.9238991957804765,1.1897789395254331e-12,bvmeat
PHL,-0.00016118425417355122,0.020300996486819822,0.1301040206772737,0.09912023295411923,bvmeat
PNG,-1.3429423406895145e-05,0.0015254272572260944,0.5015127339863895,0.0002261901468380097,bvmeat
POL,0.0007343261599808639,0.016434934556084253,0.9447918381998169,4.7557249993465756e-14,bvmeat
PRI,-0.00032823162849299914,0.01605130644040846,0.8734023176543019,1.9807468182107375e-10,bvmeat
PRK,-0.0006367901820604476,0.021169315537995524,0.17529068006196843,0.05246427540246578,bvmeat
PRT,-0.00023932886941921498,0.011824407589749304,0.8938303071149242,3.373337361539507e-11,bvmeat
PRY,8.725083392138131e-05,0.0015180125687988188,0.885688369169676,7.091651543581263e-11,bvmeat
PYF,0.0002654037656606622,0.0009940197799169423,0.6593568822122051,4.464047605459718e-06,bvmeat
QAT,0.00045293016031620306,0.00991006599304348,0.7041898474145986,1.0576038743773052e-06,bvmeat
REU,-0.00010237357943177856,0.024558001530612234,0.08683963810263803,0.5211619400327292,bvmeat
ROU,-8.417542455846004e-05,0.006591197119402944,0.47533587824496004,0.00038599614944454387,bvmeat
RUS,-2.280272817014851e-05,0.002275218549890569,0.2941611171907788,0.009113480304130402,bvmeat
RWA,0.0004686864349486654,0.005106648029795647,0.9458941819627468,3.885030151082625e-14,bvmeat
SAU,3.7211629648386964e-06,5.104707812477816e-05,0.8524937205672224,9.234236660026246e-10,bvmeat
SDN,6.8319122294715136e-06,0.0006456762665684199,0.736387311524805,0.0014880563012952344,bvmeat
SEN,6.609584321750232e-05,0.0010084018819100618,0.92578844172774,9.244610837579588e-13,bvmeat
SGP,,,,,bvmeat
SLB,1.9655270030684804e-06,0.007914100743624888,0.0006678699469225453,0.9091123340549468,bvmeat
SLE,2.9823967747036704e-05,0.0002176398014854873,0.8021694411412822,1.7866867236902513e-08,bvmeat
SLV,-0.00022279033671700492,0.009251957435923188,0.8005865698971965,1.936605808128773e-08,bvmeat
SOM,-1.2564670156111246e-06,0.0003253525248130486,0.2944688476827495,0.009070103116260914,bvmeat
SRB,-8.011498887813092e-05,0.02109026295315694,0.09629357774492359,0.2421135835847969,bvmeat
SSD,2.3369871618501813e-05,0.00045928520529516014,0.9201421058038588,1.1494667909684618e-05,bvmeat
STP,0.00048445466037166034,0.007346499762080421,0.5641347020696873,5.6187183119646666e-05,bvmeat
SUR,3.1665722093573916e-05,0.0076033985463773,0.04238201997999999,0.35801930509162017,bvmeat
SVK,-0.0001787330786977609,0.009648787229170275,0.6822093178795532,2.196138386886078e-06,bvmeat
SVN,-0.0002966693930421706,0.018277210708336267,0.5944477074161398,2.6716529176438928e-05,bvmeat
SWE,-0.000725992681907671,0.024930182719797238,0.18291507670651053,0.04708835529537908,bvmeat
SWZ,1.1554060053222308e-05,0.0015794020285461795,0.1389520400197014,0.08753193157722462,bvmeat
SYC,,,,,bvmeat
SYR,2.4866059928666233e-06,0.0026375114479924005,0.0023153516489685384,0.8316059394558433,bvmeat
TCD,5.014078203662484e-05,0.0004271902044814483,0.9824950395314976,4.798369860669741e-19,bvmeat
TGO,-3.5892689712719385e-06,0.0010898187353391737,0.03215295548656142,0.42460396888766727,bvmeat
THA,-0.00018054490049598546,0.007036678036462497,0.0559320757330921,0.2893011101141411,bvmeat
TJK,0.0006054864894095636,-0.0017568167460178669,0.775888182380345,6.312547170019881e-08,bvmeat
TKL,,,,1.0,bvmeat
TKM,1.903881364853083e-05,0.0005703181061863126,0.6793135667038535,2.4091553482659243e-06,bvmeat
TLS,1.8815579830802992e-05,0.0011787686036864005,0.39849215510408487,0.0016294927078511965,bvmeat
TON,3.511266547122473e-05,0.00661662629401393,0.09161343959544212,0.17094211486613226,bvmeat
TTO,-1.5186263452667247e-05,0.012590518992053403,0.0019841411306374904,0.8439605441387277,bvmeat
TUN,1.812982835797905e-05,0.002348813900081615,0.5022893127473201,0.0002225449620996769,bvmeat
TUR,0.0005087917267005893,0.004151347514438527,0.917439168700371,2.6958155905981533e-12,bvmeat
TWN,,,,,bvmeat
TZA,8.621003838602381e-05,0.0006548845378080498,0.9234135123676636,1.2682313054415617e-12,bvmeat
UGA,0.00012883613953009094,0.0026530747984237586,0.9633318561069275,7.87501600024727e-16,bvmeat
UKR,-0.0002806380616065347,0.012159857924531203,0.8485404208245817,1.2055035990695977e-09,bvmeat
URY,8.061289018984681e-05,0.0036989432231040215,0.6664905869903059,3.595572286932297e-06,bvmeat
USA,-2.089404920027995e-06,0.005451490449353612,0.003966539676612196,0.78067655399713,bvmeat
UZB,0.00023790744168136356,0.001984087045162997,0.9787778355695286,3.2970554295819736e-18,bvmeat
VCT,-7.016905373275534e-05,0.013307892498463793,0.14835181608562562,0.07670150879611354,bvmeat
VEN,5.135889266105301e-06,0.0027260002995575083,0.009757305036704312,0.6618629113068538,bvmeat
VNM,0.0021996059116466083,0.00805733927497504,0.9734957773787069,3.051029047983208e-17,bvmeat
VUT,-0.00013837477011174513,0.008091013907006898,0.4628943988457406,0.0004934098993523938,bvmeat
WSM,-0.001099884625950689,0.036369923356171445,0.6492758219128039,6.016091229380342e-06,bvmeat
YEM,1.81969335012943e-05,0.0004373597207615644,0.6774929715784705,2.552478714909245e-06,bvmeat
ZAF,3.441018581368312e-05,0.000887941719501591,0.9107746270647565,5.878438834481393e-12,bvmeat
ZMB,4.296364970074889e-05,0.000256053831369214,0.8293420692486717,4.017138276840002e-09,bvmeat
ZWE,1.1237553142219431e-05,0.004845635963037878,0.021628729585320517,0.5136876682821366,bvmeat
AFG,-5.370742251495413e-05,0.03125144168575661,0.028990165498922155,0.44871780321207755,bvmilk
AGO,0.0001144592593156658,0.008802749305650412,0.6753611084479043,2.7300846778388067e-06,bvmilk
ALB,-0.004387304290852121,0.4938981658609214,0.35575067277489625,0.0033905676540218837,bvmilk
ARE,0.01725506780027426,0.3484157925127048,0.7832398291363711,4.50329175604743e-08,bvmilk
ARG,0.002450944882121356,0.10277227571356794,0.7282583479052616,4.45979836873005e-07,bvmilk
ARM,0.0060755244501092456,0.16534328397773349,0.7980354215671943,2.2022534143711436e-08,bvmilk
ATG,-0.03208187845622291,0.7156635278645311,0.7774639957665492,5.877167914105557e-08,bvmilk
AUS,0.0005008036485035075,0.023468966082097906,0.5797615499301756,3.854445515720364e-05,bvmilk
AUT,0.01018773950249901,0.6647762216538426,0.8889498902937212,5.3004733409393266e-11,bvmilk
AZE,0.010642154953193221,0.15747620541843066,0.9842293572942804,1.6889959653508224e-19,bvmilk
BDI,0.0036862744031091205,0.05708227366623935,0.6191327862683639,1.4008346074960647e-05,bvmilk
BEL,0.00595065976230514,2.257812775005672,0.06686506478805869,0.24525210657007862,bvmilk
BEN,0.004103835342230875,0.1366335717812761,0.7029442882676171,1.1038497010100055e-06,bvmilk
BFA,0.001241851964601366,0.06625290982372087,0.3141475683579941,0.006663044703418993,bvmilk
BGD,0.021198420021206088,0.5633805540690054,0.166327738083702,0.05954969831412085,bvmilk
BGR,-0.0028286615700698903,0.16983008033363767,0.3205224167708006,0.006020759488498484,bvmilk
BHR,0.6234060901024447,3.487231255223035,0.899005116361764,2.041355151890716e-11,bvmilk
BHS,0.000525261427194616,0.11502900920240175,0.25831145949986345,0.01573071308850786,bvmilk
BIH,-0.0010425272733015378,0.14021775108658657,0.08000955033682451,0.20212308014653807,bvmilk
BLR,0.012047810546208182,0.2645866318555356,0.8212528007344503,6.4113286005723445e-09,bvmilk
BLZ,-0.0006858430479402191,0.12230747260017327,0.02085492120253375,0.5213991580943619,bvmilk
BOL,0.0007295057270494512,0.018869730133749416,0.8717184677355383,2.2625044665224394e-10,bvmilk
BRA,0.0032254814828688466,0.16541500910321913,0.7672768785895993,9.2492463278091e-08,bvmilk
BRB,-0.018598819940897404,0.7271179910109498,0.1626185869495894,0.0627479907175928,bvmilk
BRN,-0.030431001362838137,2.062993211232587,0.0436473242811752,0.35078239487652224,bvmilk
BTN,0.000575685509556148,0.009742447275702618,0.8489262556248778,1.1749042578536445e-09,bvmilk
BWA,0.0002519225421504475,0.004355144774800538,0.9436941477309925,5.79358852479829e-14,bvmilk
CAF,0.0025170245749684683,0.08382258972799968,0.9536555475843783,8.228597414017793e-15,bvmilk
CAN,0.0008855856127079127,0.19362317459912853,0.04671595446518681,0.33399973863734106,bvmilk
CHE,0.0023357856165617218,0.7181659301858011,0.49386215199389266,0.0002651237481134362,bvmilk
CHL,0.0017692212159478437,0.06854975952915007,0.7586605281698888,1.337124386436187e-07,bvmilk
CHN,0.0014776768069347977,0.0672842146521943,0.8975479909639413,2.3574746063543034e-11,bvmilk
CIV,9.358810828317942e-05,0.006721127266325302,0.6628175312123894,4.021496543066073e-06,bvmilk
CMR,0.0026554948231850522,0.1459568604243322,0.3463564050708221,0.003961257933632098,bvmilk
COD,4.863528009757916e-05,0.004558172837003205,0.5331025768620503,0.00011451416356637707,bvmilk
COG,7.632640327668308e-05,0.0012370640573217142,0.5924849272417474,2.8078206450628038e-05,bvmilk
COL,0.00020783840037652554,0.08680404586773602,0.05883032452222547,0.2767741237100945,bvmilk
COM,0.000770250463862865,0.28813339534262933,0.036331436752181305,0.3955059679036874,bvmilk
CPV,0.00188938701756315,0.11190813187699196,0.4556752101454554,0.0005676148515903395,bvmilk
CRI,0.005484613349505363,0.2596858439151712,0.7852682188637096,4.094478277241763e-08,bvmilk
CUB,0.0003684298430824728,0.11428856476668443,0.030923673000658177,0.4337451827074719,bvmilk
CYP,-1.4232317692073118,47.28301893015956,0.46980914978185767,0.0004307532782430127,bvmilk
CZE,-0.007349864313799709,0.6764805853698288,0.5242302533333203,0.00013922670279721766,bvmilk
DEU,-0.014750382002116098,1.200599045525065,0.5978094175372776,2.45228377672001e-05,bvmilk
DJI,8.565919695932636e-05,0.017433140468766255,0.07444804146175589,0.21923648352932038,bvmilk
DMA,-0.011097916879572513,1.2319603454766985,0.17443323282017964,0.05310489532595257,bvmilk
DNK,-0.0085677651257412,1.441291853048474,0.025272175803083396,0.4797935010078183,bvmilk
DOM,0.0017105076665180925,0.27073316851505674,0.04879467740488654,0.32320856197810305,bvmilk
DZA,0.0012405028829113303,0.026640979521379296,0.9077050738208052,8.256914606874696e-12,bvmilk
ECU,0.009944614082642288,0.15019364120009376,0.9043966253954309,1.1762150860532356e-11,bvmilk
EGY,,,,,bvmilk
ERI,0.00028025885879170656,0.012998007699494597,0.7652444622934129,1.0101387473255949e-07,bvmilk
ESP,0.0020551908602336705,0.28233865478057396,0.4014724961224689,0.001545786144457624,bvmilk
EST,-0.008709539436887967,0.3798716969976221,0.16175183636738022,0.06351928841201376,bvmilk
ETH,0.0019285725744037376,0.07113799091096126,0.7806593195273329,5.0765049136668446e-08,bvmilk
FIN,-0.26086787208246154,4.489412448819423,0.13919637469441287,0.08723197931239615,bvmilk
FJI,-0.0015933513717493139,0.09106511407964174,0.2907365381997543,0.009609436350381735,bvmilk
FRA,-0.001860137039278442,0.6538170250716139,0.09949535396703275,0.15273439652653648,bvmilk
FRO,0.0003208661363454001,0.017227698117259778,0.9826749035297575,2.005600457607276e-07,bvmilk
GAB,-2.51987221368087e-05,0.004749521262755891,0.194482922173959,0.03993577714632885,bvmilk
GBR,0.00317194174747768,0.38095621608520214,0.6056396372558973,2.0032560754435904e-05,bvmilk
GEO,-0.003588480800442722,0.13319198882588623,0.7386799608578669,2.997446299407793e-07,bvmilk
GHA,0.0012193873337893282,0.014235552887501727,0.9447061866476265,4.830222072901318e-14,bvmilk
GIN,0.0012015123628945487,0.012397774569993155,0.8559927889255522,7.250039156110932e-10,bvmilk
GLP,-0.005735988081900751,0.5156233294024708,0.41042604731329557,0.1210863031597696,bvmilk
GMB,-0.00012355861102558604,0.09515844788942372,0.0034221777036215883,0.7959507718137405,bvmilk
GNB,0.0002016804464234419,0.12472063558958375,0.0059902313562597296,0.7320905773166975,bvmilk
GRC,0.0001741213117383937,0.17489675978223773,0.0071742381622556155,0.70783393072059,bvmilk
GRD,0.037223496506610665,0.44595761318542615,0.9375605163536759,1.6341283817947723e-13,bvmilk
GTM,0.02110056352791211,0.04831523201092636,0.9386011376990768,1.3806339024768562e-13,bvmilk
GUF,-0.008718849972421387,0.1735273166023165,0.4323785479494014,0.10844972480257918,bvmilk
GUY,0.000524761613000415,0.016651130732097882,0.8125607689451083,1.0356785930546717e-08,bvmilk
HKG,-1.1536878782901265,36.99692698424937,0.5310359379962286,0.00011988376151157068,bvmilk
HND,-0.0007396853947996881,0.1643391006332256,0.18767125974979573,0.04400930015218801,bvmilk
HRV,-0.017824406696227195,0.7044764129618675,0.6595181962829326,4.442477347236523e-06,bvmilk
HTI,0.000646654341405238,0.2548287827633639,0.02582311517895733,0.4749819930564399,bvmilk
HUN,0.0013884152383405951,0.3310334873741279,0.05402210542587896,0.297929873283141,bvmilk
IDN,0.0032316532697368333,0.1468541359098629,0.6773220370655891,2.566323688339809e-06,bvmilk
IND,0.07602699400764013,0.5004380998475001,0.8099003444331029,1.1941785294903545e-08,bvmilk
IRL,0.005554850561854784,0.6349558279656596,0.29693007538796706,0.008730032633523026,bvmilk
IRN,0.0006397200903520325,0.07553780650872773,0.048472117298368755,0.32485397229029706,bvmilk
IRQ,0.0002749600012748718,0.07089014744975683,0.035658674315397494,0.3999981753343699,bvmilk
ISL,0.0003436543263626816,0.02291247055696949,0.777951258532246,5.748140727028161e-08,bvmilk
ISR,0.09404295497957721,3.0964029938594013,0.7765912435377375,6.114825511368914e-08,bvmilk
ITA,-0.013902235544964864,0.9376843870559811,0.44621443202098005,0.0006802980775639538,bvmilk
JAM,-0.00570268347163055,0.18417978457209455,0.5531413376739719,7.269201547173746e-05,bvmilk
JOR,0.012086102737996285,0.07991570976002654,0.8839596216690507,8.24738616630652e-11,bvmilk
JPN,-0.05320661313216294,2.62209601320055,0.12387037099841225,0.10820267861784473,bvmilk
KAZ,0.00019569029122108435,0.010139181607544637,0.6133682705285488,1.6345196526947216e-05,bvmilk
KEN,-0.00017876273131815884,0.08445694008380422,0.004768076631607662,0.7601085968658884,bvmilk
KGZ,0.001215748823117422,0.05654123928682515,0.7827463714354149,4.6081586630073547e-08,bvmilk
KHM,-0.0031496213706897493,0.20678991477106484,0.5541986649172922,7.093208561197724e-05,bvmilk
KOR,-0.10457772430792753,9.143232623407355,0.03278011336442264,0.42004717731564906,bvmilk
KWT,0.017396037913638116,0.5702384515254677,0.7610096527511828,1.210865869067458e-07,bvmilk
LAO,0.00852198687200095,0.15373442310562468,0.9954675392029109,6.460048985762455e-25,bvmilk
LBN,-0.009405798218744797,0.6932921445878699,0.5754514998480427,4.282272833640407e-05,bvmilk
LBR,-6.447060680565195e-05,0.008516302659227364,0.4160952106931237,0.0011893725778182255,bvmilk
LBY,8.703999191911961e-05,0.009144491946484081,0.24032807476580823,0.02054670486821392,bvmilk
LCA,0.0977202863109813,1.6223173759205465,0.5788547950909185,3.941085228874018e-05,bvmilk
LKA,0.0002701354359786802,0.33011790199520413,0.01082302652860975,0.644990873090645,bvmilk
LSO,-0.00013421295669727471,0.015369627072419281,0.39819382725241553,0.0016380968001208774,bvmilk
LTU,-0.0037929885360475394,0.36647399095499356,0.03588065601927385,0.39850817516270975,bvmilk
LUX,0.007397619679552642,0.768170496076964,0.3339410412317713,0.004851953276811557,bvmilk
LVA,-0.0003672263941000494,0.16880702237650455,0.008054303492540178,0.6912371732831887,bvmilk
MAR,0.002147486474145781,0.03846172933591648,0.9528234612581649,9.835142518370426e-15,bvmilk
MDA,-0.009222025160610499,0.3530742025930814,0.8336009836118283,3.1128926816768774e-09,bvmilk
MDG,-1.506102446739164e-05,0.005573740245163611,0.0329859369239605,0.41856697969136236,bvmilk
MEX,0.0021837126076176276,0.07518252266755071,0.9897600062959827,2.244019174770841e-21,bvmilk
MHL,,,,,bvmilk
MKD,-0.0009644310111362841,0.10562530192981956,0.11841773698844829,0.11683914970557081,bvmilk
MLI,8.155904335278303e-05,0.00589519937297781,0.25295648450089403,0.017040267724093686,bvmilk
MLT,,,,,bvmilk
MMR,0.07108986345420294,2.3356320868014326,0.06875321077110619,0.2384607157502128,bvmilk
MNE,0.006624735907212348,0.0326736196202784,0.5886662534573982,0.0005225563635661331,bvmilk
MNG,0.00035479480665782134,0.002789335660921731,0.6717682726312467,3.0548639232773252e-06,bvmilk
MOZ,4.61960611527231e-05,0.0007279731972273163,0.5858114310564534,3.319245798376821e-05,bvmilk
MRT,0.00011734531558193246,0.004258753915099735,0.9613174761381493,1.3456190881415409e-15,bvmilk
MTQ,-0.00908408698591371,0.6226582574488175,0.3947701317262111,0.1307583612657744,bvmilk
MUS,-0.020772444554593282,0.8115303939464675,0.2262571477736868,0.0252532906824138,bvmilk
MWI,0.005627971668552742,0.026906220464697907,0.9534900582001451,8.52786569753795e-15,bvmilk
MYS,0.013792917713530833,0.25066389703621283,0.6071126019567978,1.9276472168247534e-05,bvmilk
NAM,-0.00012195306715317923,0.005943067480657818,0.7475834550325321,2.1081353198005094e-07,bvmilk
NCL,0.00031039630399376083,0.05931894602050338,0.12562549188555872,0.10556331133484427,bvmilk
NER,0.00015563192318906256,0.010043188241843578,0.547486161560805,8.279744005222867e-05,bvmilk
NGA,0.0002000739664283171,0.06940830389040774,0.1000415553641593,0.1515512343069491,bvmilk
NIC,0.006255542848327618,0.08308187649250193,0.9550916322344449,6.002401516467234e-15,bvmilk
NIU,-5.4469182977426935e-05,0.015337121027710334,0.0008383789808306132,0.8982211970967932,bvmilk
NLD,0.027505203035335195,2.4364647830749746,0.43910982075714433,0.0007779809158645301,bvmilk
NOR,-0.03143905906777508,1.2311452789127215,0.1338864560840369,0.09398871070396533,bvmilk
NPL,0.012516847057258737,0.343396004354765,0.9904077953924599,1.167037875583188e-21,bvmilk
NRU,,,,1.0,bvmilk
NZL,0.01009142780906812,0.3804262439198777,0.9318882363305413,3.9093610172296927e-13,bvmilk
OMN,0.004410872188792541,0.04452957037189668,0.8718803361215657,2.233930866071471e-10,bvmilk
PAK,0.08623803986135356,1.3585171416194246,0.9937629331244934,1.5741185282487533e-23,bvmilk
PAN,0.0015960215444141414,0.16510949493698926,0.2595561518117268,0.015440187364650112,bvmilk
PER,0.0009306941810186483,0.03665730270859904,0.9238991957804832,1.1897789395243907e-12,bvmilk
PHL,-0.005756580506198238,0.7250355888149954,0.1301040206772732,0.0991202329541198,bvmilk
PNG,-0.00047962226453199665,0.054479544900934006,0.5015127339863944,0.00022619014683798673,bvmilk
POL,0.02622593428503081,0.5869619484315824,0.9447918381998162,4.7557249993473026e-14,bvmilk
PRI,-0.011722558160464209,0.5732609443003032,0.8734023176543014,1.980746818210796e-10,bvmilk
PRK,-0.022742506502158814,0.7560469834998415,0.17529068006196824,0.05246427540246597,bvmilk
PRT,-0.008547459622114782,0.4223002710624767,0.8938303071149233,3.373337361539781e-11,bvmilk
PRY,0.0031161012114778856,0.054214734599959465,0.8856883691696722,7.091651543583612e-11,bvmilk
PYF,0.009478705916452222,0.035500706425607084,0.6593568822122048,4.464047605459778e-06,bvmilk
QAT,0.016176077154150204,0.35393092832298134,0.7041898474145976,1.0576038743773366e-06,bvmilk
REU,-0.00365619926542045,0.8770714832361516,0.086839638102627,0.5211619400327567,bvmilk
ROU,-0.003006265162802204,0.23539989712153614,0.47533587824496987,0.0003859961494444677,bvmilk
RUS,-0.0008143831489338534,0.08125780535323592,0.2941611171907804,0.009113480304130207,bvmilk
RWA,0.016738801248166606,0.18238028677841792,0.9458941819627495,3.885030151080595e-14,bvmilk
SAU,0.0001328986773157557,0.001823109933027324,0.8524937205671337,9.234236660082241e-10,bvmilk
SDN,0.00024399686533818407,0.023059866663161125,0.7363873115247712,0.0014880563012960237,bvmilk
SEN,0.0023605658291965485,0.03601435292536069,0.9257884417277518,9.244610837564935e-13,bvmilk
SLB,7.019739296669299e-05,0.28264645512946257,0.0006678699469218115,0.9091123340549966,bvmilk
SLE,0.0010651417052512527,0.007772850053055143,0.8021694411412874,1.7866867236897802e-08,bvmilk
SLV,-0.007956797739892989,0.330427051282972,0.8005865698972011,1.936605808128324e-08,bvmilk
SOM,-4.487382198613552e-05,0.01161973302903958,0.2944688476825626,0.00907010311628719,bvmilk
SRB,-0.0028612496027903373,0.7532236768984634,0.09629357774492082,0.24211358358480392,bvmilk
SSD,0.0008346382720894637,0.016403043046255755,0.9201421058039949,1.1494667909605575e-05,bvmilk
STP,0.017301952156130705,0.2623749915028738,0.5641347020696855,5.618718311964916e-05,bvmilk
SUR,0.0011309186461990065,0.27154994808490607,0.04238201997999511,0.3580193050916484,bvmilk
SVK,-0.006383324239205713,0.3445995438989395,0.6822093178795487,2.1961383868863854e-06,bvmilk
SVN,-0.010595335465791852,0.6527575252977262,0.5944477074161427,2.6716529176436993e-05,bvmilk
SWE,-0.02592831006813109,0.8903636685641887,0.18291507670651008,0.047088355295379365,bvmilk
SWZ,0.00041264500190074443,0.05640721530522283,0.13895204001966172,0.08753193157727339,bvmilk
SYC,,,,,bvmilk
SYR,8.880735688804096e-05,0.09419683742830234,0.002315351648965773,0.8316059394559424,bvmilk
TCD,0.0017907422155938025,0.015256793017195857,0.9824950395314994,4.798369860664907e-19,bvmilk
TGO,-0.00012818817754539259,0.03892209769068606,0.032152955486546085,0.42460396888777957,bvmilk
THA,-0.006448032160570947,0.2513099298736628,0.0559320757330925,0.2893011101141396,bvmilk
TJK,0.02162451747891302,-0.06274345521492247,0.7758881823803442,6.312547170020097e-08,bvmilk
TKL,,,,,bvmilk
TKM,0.0006799576303046675,0.02036850379237024,0.6793135667038483,2.4091553482663207e-06,bvmilk
TON,0.001254023766829535,0.23630808192906969,0.09161343959545405,0.1709421148661031,bvmilk
TTO,-0.000542366551880991,0.4496613925733381,0.001984141130637622,0.8439605441387227,bvmilk
TUN,0.0006474938699278911,0.08388621071720151,0.5022893127473624,0.0002225449620994798,bvmilk
TUR,0.018171133096449632,0.14826241122994852,0.9174391687003708,2.695815590598229e-12,bvmilk
TWN,,,,,bvmilk
TZA,0.0030789299423579415,0.02338873349314667,0.9234135123676636,1.2682313054415617e-12,bvmilk
UGA,0.004601290697503266,0.09475267137227875,0.9633318561069257,7.875016000251e-16,bvmilk
UKR,-0.010022787914519124,0.4342806401618307,0.8485404208245794,1.2055035990697785e-09,bvmilk
URY,0.0028790317924944683,0.13210511511086032,0.6664905869903022,3.5955722869327095e-06,bvmilk
USA,-7.462160428670098e-05,0.19469608747691644,0.003966539676610663,0.7806765539971714,bvmilk
UZB,0.008496694345763011,0.07086025161296539,0.9787778355695277,3.297055429583338e-18,bvmilk
VCT,-0.002506037633312673,0.47528187494513674,0.1483518160856234,0.07670150879611597,bvmilk
VEN,0.00018342461664656992,0.09735715355562789,0.009757305036699339,0.661862911306935,bvmilk
VNM,0.07855735398737884,0.28776211696339615,0.9734957773787062,3.0510290479839516e-17,bvmilk
VUT,-0.004941956075419498,0.2889647823931055,0.46289439884574357,0.0004934098993523646,bvmilk
WSM,-0.0392815937839532,1.2989258341489818,0.6492758219128042,6.016091229380278e-06,bvmilk
YEM,0.000649890482189071,0.015619990027200634,0.6774929715784355,2.5524787149120705e-06,bvmilk
ZAF,0.0012289352076314962,0.03171220426791627,0.9107746270647413,5.878438834491482e-12,bvmilk
ZMB,0.0015344160607410166,0.009144779691759478,0.8293420692486471,4.017138276845879e-09,bvmilk
ZWE,0.00040134118365068244,0.17305842725135478,0.02162872958531978,0.513687668282144,bvmilk
AFG,-2.5063463840311117e-06,0.0014584006120019401,0.028990165498922627,0.44871780321207394,sgmeat
AGO,5.3414321013981365e-06,0.0004107949675969605,0.6753611084478084,2.7300846778470534e-06,sgmeat
ALB,-0.00020474086690643113,0.0230485810735096,0.35575067277489414,0.0033905676540220042,sgmeat
ARE,0.0008052364973461331,0.016259403650592825,0.7832398291363714,4.503291756047378e-08,sgmeat
ARG,0.00011437742783232993,0.004796039533299794,0.7282583479052576,4.4597983687307277e-07,sgmeat
ARM,0.00028352447433843117,0.007716019918960861,0.7980354215671928,2.2022534143713197e-08,sgmeat
ATG,-0.0014971543279570687,0.03339763130034473,0.7774639957665488,5.877167914105645e-08,sgmeat
AUS,2.3370836930163127e-05,0.001095218417164528,0.5797615499301351,3.8544455157242045e-05,sgmeat
AUT,0.0004754278434499547,0.031022890343845942,0.8889498902937228,5.300473340938527e-11,sgmeat
AZE,0.0005010990063617007,0.007616109140743586,1.0,0.0,sgmeat
BDI,0.00017202613881175938,0.002663839437757786,0.6191327862683703,1.4008346074958169e-05,sgmeat
BEL,0.00027769745557424134,0.1053645961669313,0.06686506478805927,0.2452521065700763,sgmeat
BEN,0.0001915123159707729,0.0063762333497928494,0.7029442882676102,1.1038497010102657e-06,sgmeat
BFA,5.7953091681394754e-05,0.003091802458440278,0.314147568357978,0.006663044703420693,sgmeat
BGD,0.0009892596009896167,0.026291092523220212,0.16632773808370166,0.05954969831412102,sgmeat
BGR,-0.00013200420660326175,0.007925403748903041,0.3205224167708041,0.006020759488498135,sgmeat
BHR,0.02909228420478073,0.16273745857707506,0.8990051163617642,2.0413551518906782e-11,sgmeat
BHS,2.451219993574749e-05,0.005368020429445369,0.25831145949983414,0.015730713088514765,sgmeat
BLZ,-3.2006008903875885e-05,0.0057076820546746974,0.02085492120253278,0.5213991580943718,sgmeat
BOL,3.4043600595641504e-05,0.0008805874062415872,0.8717184677355333,2.262504466523327e-10,sgmeat
BRA,0.00015052246920054644,0.007719367091483513,0.7672768785896041,9.249246327807117e-08,sgmeat
BRB,-0.000867944930575212,0.033932172913844275,0.16261858694958942,0.0627479907175928,sgmeat
BRN,-0.0014201133969324448,0.09627301652418731,0.043647324281175126,0.35078239487652263,sgmeat
BTN,2.686532377928746e-05,0.00045464753953274983,0.8489262556248375,1.174904257856804e-09,sgmeat
BWA,1.1756385300352908e-05,0.00020324008949066722,0.9436941477309705,5.793588524820964e-14,sgmeat
CAF,0.0001174611468318608,0.003911720853973283,0.9536555475843718,8.228597414029356e-15,sgmeat
CHE,0.00010900332877288,0.03351441007533734,0.4938621519938925,0.0002651237481134367,sgmeat
CHL,8.256365674423158e-05,0.0031989887780269643,0.7586605281698705,1.3371243864372185e-07,sgmeat
CHN,6.895825099028827e-05,0.0031399300171023685,0.8975479909639401,2.3574746063546136e-11,sgmeat
CIV,4.367445053214229e-06,0.0003136526057618052,0.6628175312120519,4.021496543107233e-06,sgmeat
CMR,0.00012392309174863726,0.006811320153135427,0.3463564050708298,0.003961257933631599,sgmeat
COD,2.2696464045523434e-06,0.00021271473239344583,0.5331025768619361,0.00011451416356666815,sgmeat
COG,3.5618988195749437e-06,5.772965600834917e-05,0.5924849272414122,2.807820645086583e-05,sgmeat
COK,,,,,sgmeat
COL,9.699125350903104e-06,0.004050855473827653,0.0588303245222118,0.2767741237101521,sgmeat
COM,3.594502164693424e-05,0.0134462251159893,0.03633143675218167,0.39550596790368486,sgmeat
CPV,8.817139415294671e-05,0.005222379487592914,0.4556752101454592,0.0005676148515902982,sgmeat
CRI,0.00025594862297691716,0.012118672716041274,0.7852682188637101,4.094478277241658e-08,sgmeat
CUB,1.7193392677183345e-05,0.0053334663557785345,0.030923673000663416,0.4337451827074322,sgmeat
CYP,-0.06641748256300756,2.2065408834074396,0.4698091497818572,0.00043075327824301524,sgmeat
CZE,-0.00034299366797731917,0.03156909398392529,0.5242302533333203,0.00013922670279721766,sgmeat
DEU,-0.0007054707578517035,0.05611583605963479,0.5961844847051727,4.1189868664297165e-05,sgmeat
DJI,3.997429191434331e-06,0.0008135465552090577,0.07444804146170886,0.2192364835294716,sgmeat
DMA,-0.0005179027877133836,0.05749148278891256,0.17443323282017992,0.05310489532595242,sgmeat
DNK,0.00034472056763142214,0.05387664297899057,0.14969667779891918,0.39120538143846273,sgmeat
DOM,7.982369110417681e-05,0.012634214530702615,0.04879467740488608,0.3232085619781053,sgmeat
DZA,5.7890134535862224e-05,0.0012432457109976464,0.9077050738208088,8.256914606871464e-12,sgmeat
ECU,0.0004640819905233068,0.007009036589337661,0.9043966253954318,1.176215086053132e-11,sgmeat
EGY,,,,,sgmeat
ERI,1.3078746743612142e-05,0.0006065736926430407,0.7652444622933857,1.0101387473267809e-07,sgmeat
ESP,9.590890681090407e-05,0.01317580388976007,0.40147249612246494,0.00154578614445773,sgmeat
EST,-0.00040644517372143813,0.01772734585988899,0.16175183636737941,0.06351928841201446,sgmeat
ETH,9.000005347217365e-05,0.0033197729091781576,0.780659319527325,5.076504913668676e-08,sgmeat
FIN,-0.0005178423613205551,0.0422210917908053,0.9899657220111305,0.0050297883800085605,sgmeat
FJI,-7.435639734830213e-05,0.004249705323716568,0.2907365381997622,0.009609436350380583,sgmeat
FRA,-8.680639516632636e-05,0.0305114611700086,0.09949535396703026,0.15273439652654203,sgmeat
FSM,1.5063796651874156e-05,0.012719295028629271,0.0535061219656574,0.30031430777720913,sgmeat
GAB,-1.1759403663853188e-06,0.0002216443255952186,0.19448292217419175,0.039935777146196116,sgmeat
GBR,,,,,sgmeat
GEO,-1.131498966909135e-05,0.003722597465951423,0.018285896547523637,0.7983983264075953,sgmeat
GHA,5.690474224350087e-05,0.0006643258014167224,0.944706186647627,4.830222072900952e-14,sgmeat
GIN,5.6070576935078775e-05,0.0005785628132663044,0.8559927889255606,7.250039156106647e-10,sgmeat
GLP,-0.0002676794438220323,0.024062422038781898,0.4104260473132842,0.12108630315977646,sgmeat
GMB,-5.766068514527286e-06,0.004440727568173055,0.0034221777036215484,0.7959507718137417,sgmeat
GNB,9.41175416642514e-06,0.005820296327513886,0.005990231356257018,0.7320905773167561,sgmeat
GNQ,-9.020782852082784e-05,0.003555977974424433,0.28543603514281385,0.010426958985569085,sgmeat
GRC,8.12566121445716e-06,0.008161848789837734,0.007174238162253643,0.7078339307206285,sgmeat
GRD,0.0017370965036418299,0.020811355281986504,0.9375605163536757,1.6341283817948288e-13,sgmeat
GTM,0.0009846929646358982,0.0022547108271765114,0.9386011376990764,1.3806339024769566e-13,sgmeat
GUF,-0.00040687966537967136,0.0080979414414414,0.43237854794939934,0.10844972480258033,sgmeat
GUY,2.448887527335172e-05,0.000777052767497857,0.8125607689451324,1.0356785930533317e-08,sgmeat
HKG,-0.053838767653539114,1.726523259264968,0.5310359379962296,0.00011988376151156785,sgmeat
HND,-3.451865175731988e-05,0.007669158029550481,0.18767125974980484,0.04400930015218239,sgmeat
HRV,-0.0008318056458239362,0.03287556593822044,0.6595181962829316,4.442477347236637e-06,sgmeat
HTI,3.0177202598909782e-05,0.011892009862290292,0.025823115178954876,0.47498199305646116,sgmeat
HUN,6.479271112256051e-05,0.0154482294107926,0.05402210542587786,0.297929873283146,sgmeat
IDN,0.00015081048592105182,0.006853193009126891,0.6773220370655884,2.5663236883398697e-06,sgmeat
IND,0.003547926387023204,0.023353777992883303,0.8099003444331028,1.1941785294903689e-08,sgmeat
IRL,0.0002601679087221898,0.029628276133465848,0.2909029398836048,0.011627250080729535,sgmeat
IRN,2.985360421643045e-05,0.003525097637073893,0.04847211729837563,0.32485397229026186,sgmeat
IRQ,1.2831466726161496e-05,0.0033082068809886047,0.03565867431540175,0.39999817533434107,sgmeat
ISL,2.1155165758637186e-05,0.0009974029801151345,0.8443702047641412,0.02738675383415813,sgmeat
ISR,0.004388671232380268,0.14449880638010534,0.776591243537738,6.114825511368746e-08,sgmeat
ITA,-0.0006487709920983617,0.04375860472927909,0.44621443202098154,0.0006802980775639342,sgmeat
JAM,-0.00026612522867609225,0.008595056613364373,0.5531413376739719,7.269201547173746e-05,sgmeat
JOR,0.0005640181277731588,0.0037293997888012105,0.8839596216690495,8.247386166307426e-11,sgmeat
JPN,-0.0024829752795009386,0.12236448061602564,0.12387037099841237,0.10820267861784455,sgmeat
KAZ,9.132213590318634e-06,0.00047316180835202246,0.6133682705286132,1.6345196526919284e-05,sgmeat
KEN,-8.342260794847322e-06,0.003941323870577488,0.004768076631607621,0.7601085968658894,sgmeat
KGZ,5.6734945078812697e-05,0.002638591166718462,0.7827463714354165,4.608158663007019e-08,sgmeat
KNA,-0.0018764965311368457,0.04022039697266568,0.3630646947596456,0.0029998976878077917,sgmeat
KOR,-0.004880293801036603,0.42668418909234285,0.03278011336442255,0.4200471773156496,sgmeat
KWT,0.0008118151026364475,0.026611127737855074,0.7610096527511848,1.21086586906736e-07,sgmeat
LAO,0.000397692720693378,0.007174273078262434,0.99546753920291,6.460048985775107e-25,sgmeat
LBN,-0.0004389372502080929,0.03235363341410057,0.5754514998480458,4.282272833640087e-05,sgmeat
LBR,-3.008628317596895e-06,0.00039742745743056283,0.41609521069312483,0.0011893725778181988,sgmeat
LBY,4.0618662895588935e-06,0.0004267429575025316,0.24032807476583712,0.020546704868205187,sgmeat
LCA,0.004560280027845794,0.07570814420962546,0.5788547950909184,3.941085228874035e-05,sgmeat
LKA,1.2606320345671118e-05,0.015405502093109482,0.010823026528609047,0.6449908730906557,sgmeat
LSO,-6.263271312539864e-06,0.0007172492633795276,0.3981938272524864,0.0016380968001188318,sgmeat
LTU,-0.0001770061316822187,0.01710211957789965,0.035880656019273816,0.3985081751627098,sgmeat
LUX,0.0001234808877054926,0.03662844408204116,0.05570743327353866,0.37883611233810444,sgmeat
LVA,-6.971094861120062e-06,0.008303905517433862,0.0023478460335793023,0.9383298663784017,sgmeat
MAC,,,,,sgmeat
MAR,0.00010021603546013623,0.0017948807023427191,0.9528234612581695,9.835142518360466e-15,sgmeat
MDA,-0.0015657909845077501,0.03737419274531895,0.8462459029321664,0.08008375221862372,sgmeat
MDG,-7.028478084781478e-07,0.0002601078781075842,0.03298593692395098,0.4185669796914306,sgmeat
MDV,,,,,sgmeat
MEX,0.0001019065883554882,0.003508517724485674,0.9897600062959832,2.2440191747698646e-21,sgmeat
MKD,-6.906876384937088e-05,0.005170115701006221,0.30999344129785567,0.07522973818417054,sgmeat
MLI,3.806088689796613e-06,0.00027510930407223554,0.25295648450097946,0.017040267724071984,sgmeat
MLT,,,,,sgmeat
MMR,0.0033175269611961356,0.10899616405073345,0.06875321077110616,0.23846071575021285,sgmeat
MNE,0.00011847673020632119,0.004934451301034121,0.0679111347497479,0.4671039544258725,sgmeat
MNG,1.6557090977365162e-05,0.00013016899750963403,0.6717682726312784,3.054863923274323e-06,sgmeat
MOZ,2.1558161871270877e-06,3.397208253727661e-05,0.5858114310564441,3.3192457983775954e-05,sgmeat
MRT,5.476114727157371e-06,0.00019874184937126126,0.9613174761381873,1.345619088128341e-15,sgmeat
MTQ,-0.00042392405934264647,0.029057385347611438,0.39477013172622183,0.1307583612657676,sgmeat
MUS,-0.0009693807458810219,0.037871418384168465,0.22625714777368722,0.025253290682413627,sgmeat
MWI,0.00026263867786579533,0.0012556236216858534,0.9534900582001482,8.527865697532396e-15,sgmeat
MYS,0.0006436694932981067,0.011697648528356532,0.6071126019567992,1.927647216824685e-05,sgmeat
NAM,-5.691143133815753e-06,0.0002773431490973336,0.7475834550328546,2.1081353197731733e-07,sgmeat
NCL,1.4485160853041896e-05,0.002768217480956769,0.12562549188554356,0.10556331133486685,sgmeat
NER,7.262823082156578e-06,0.00046868211795265133,0.5474861615608037,8.279744005223093e-05,sgmeat
NGA,9.336785099987348e-06,0.0032390541815523056,0.10004155536415182,0.1515512343069652,sgmeat
NIC,0.00029192533292195634,0.0038771542363167,0.9550916322344458,6.0024015164660865e-15,sgmeat
NLD,0.0012835761416489786,0.1137016898768321,0.4391098207571458,0.0007779809158645096,sgmeat
NOR,-0.0014671560898295048,0.057453446349260306,0.13388645608403724,0.0939887107039649,sgmeat
NPL,0.0005841195293387413,0.016025146869888988,0.990407795392461,1.1670378755818421e-21,sgmeat
NZL,0.00047093329775651274,0.01775322471626092,0.9318882363305417,3.9093610172294645e-13,sgmeat
OMN,0.00020584070214365254,0.0020780466173551298,0.8718803361215652,2.2339308660715478e-10,sgmeat
PAK,0.004024441860196499,0.06339746660890641,0.9937629331244936,1.574118528248192e-23,sgmeat
PAN,0.0002566527526292739,0.006283956798959604,0.9833752980555411,0.008347188752262367,sgmeat
PER,4.3432395114204125e-05,0.0017106741264012338,0.9238991957804719,1.1897789395261678e-12,sgmeat
PHL,-0.00026864042362258634,0.03383499414469976,0.13010402067727525,0.09912023295411701,sgmeat
PNG,-2.2382372344826304e-05,0.002542378762043531,0.5015127339863897,0.0002261901468380086,sgmeat
POL,0.00125249469847372,0.027908485911436368,0.9898122953734357,3.316998264709086e-07,sgmeat
PRI,-0.0005470527141549969,0.026752177400680758,0.8734023176543008,1.9807468182109019e-10,sgmeat
PRK,-0.0010613169701007455,0.035282192563325904,0.17529068006196885,0.05246427540246556,sgmeat
PRT,-0.00039888144903202306,0.01970734598291552,0.8938303071149232,3.373337361539842e-11,sgmeat
PRY,0.00014541805653563386,0.002530020947998071,0.8856883691696755,7.091651543581513e-11,sgmeat
PYF,0.0004423396094344373,0.0016566996331949498,0.6593568822122039,4.4640476054599e-06,sgmeat
QAT,0.0007548836005270115,0.0165167766550724,0.7041898474145997,1.0576038743772635e-06,sgmeat
REU,-0.0001706226323862926,0.04093000255102038,0.08683963810263264,0.5211619400327427,sgmeat
ROU,-0.0001402923742641045,0.010985328532338329,0.4753358782449749,0.00038599614944442883,sgmeat
RUS,-3.8004546950247935e-05,0.003792030916484299,0.2941611171907898,0.009113480304128868,sgmeat
RWA,0.0007811440582477751,0.008511080049659451,0.9458941819627495,3.885030151080595e-14,sgmeat
SAU,6.201938274736927e-06,8.50784635412123e-05,0.8524937205672926,9.234236659982e-10,sgmeat
SDN,1.1386520382450297e-05,0.0010761271109474403,0.7363873115251186,0.001488056301287913,sgmeat
SEN,0.00011015973869583866,0.0016806698031834393,0.9257884417277531,9.244610837563337e-13,sgmeat
SGP,,,,,sgmeat
SLE,4.970661291172523e-05,0.0003627330024758668,0.8021694411412869,1.7866867236898358e-08,sgmeat
SLV,-0.0003713172278616745,0.015419929059871999,0.8005865698972014,1.9366058081282868e-08,sgmeat
SOM,-2.094111692686164e-06,0.0005422542080217865,0.29446884768252923,0.009070103116291894,sgmeat
SRB,-0.00013352498146355004,0.03515043825526159,0.09629357774492134,0.24211358358480267,sgmeat
SSD,3.894978603084606e-05,0.00076547534215848,0.9201421058039798,1.1494667909614355e-05,sgmeat
STP,0.000807424433952766,0.012244166270134069,0.5641347020696856,5.6187183119648916e-05,sgmeat
SUR,5.2776203489286684e-05,0.012672330910628922,0.04238201997999439,0.3580193050916525,sgmeat
SVK,-0.00029788846449626876,0.016081312048617145,0.6822093178795526,2.1961383868861122e-06,sgmeat
SVN,-0.0004944489884036187,0.03046201784722716,0.5944477074161418,2.6716529176437542e-05,sgmeat
SWE,-4.952245062995996e-05,0.02513732990682704,0.19234146403792043,0.38432608833840765,sgmeat
SWZ,1.9256766755368944e-05,0.0026323367142436806,0.13895204001966854,0.08753193157726509,sgmeat
SYC,,,,,sgmeat
SYR,4.144343321441671e-06,0.004395852413320726,0.0023153516489655144,0.8316059394559516,sgmeat
TCD,8.356797006104303e-05,0.0007119836741357665,0.9824950395314972,4.798369860670948e-19,sgmeat
TGO,-5.982114952117107e-06,0.0018163645588986298,0.03215295548653373,0.42460396888787,sgmeat
THA,-0.00030090816749331,0.01172779672743753,0.05593207573309232,0.2893011101141401,sgmeat
TKM,3.1731356080884354e-05,0.0009505301769772415,0.6793135667038662,2.4091553482649396e-06,sgmeat
TLS,3.135929971800508e-05,0.0019646143394773737,0.3984921551041185,0.001629492707850228,sgmeat
TON,5.8521109118710023e-05,0.011027710490023218,0.09161343959544867,0.1709421148661162,sgmeat
TTO,-2.531043908777951e-05,0.020984198320089072,0.001984141130637603,0.8439605441387232,sgmeat
TUN,3.021638059663405e-05,0.003914689833469365,0.5022893127473298,0.0002225449620996323,sgmeat
TUR,0.0008479862111676505,0.0069189125240642115,0.9174391687003717,2.695815590597941e-12,sgmeat
TWN,,,,,sgmeat
TZA,0.00014368339731003651,0.0010914742296801434,0.923413512367658,1.2682313054424874e-12,sgmeat
UGA,0.00021472689921681843,0.004421791330706304,0.9633318561069262,7.875016000250073e-16,sgmeat
UKR,-0.0004677301026775594,0.020266429874218728,0.8485404208245781,1.2055035990698777e-09,sgmeat
URY,0.000180614429477684,0.005585315692643039,0.9644467615373264,0.00047974492182955984,sgmeat
USA,-7.800657936932969e-06,0.00916177850893215,0.019925132423237516,0.5527741034563852,sgmeat
VCT,-0.00011694842288792426,0.022179820830773002,0.14835181608562262,0.07670150879611677,sgmeat
VEN,8.559815443507171e-06,0.00454333383259592,0.00975730503670057,0.6618629113069148,sgmeat
VNM,0.003666009852744348,0.013428898791625087,0.9734957773787064,3.0510290479837044e-17,sgmeat
VUT,-0.00023062461685290978,0.013485023178344881,0.46289439884574435,0.0004934098993523576,sgmeat
YEM,3.0328222502157485e-05,0.0007289328679359692,0.6774929715784566,2.5524787149103764e-06,sgmeat
ZAF,5.735030968947081e-05,0.0014799028658360473,0.9107746270647449,5.878438834489098e-12,sgmeat
ZMB,7.160608283458002e-05,0.00042675638561539186,0.8293420692486428,4.01713827684688e-09,sgmeat
ZWE,1.8729255237033474e-05,0.008076059938396489,0.02162872958532351,0.5136876682821072,sgmeat
ARE,0.0008497733445402291,0.01618447401982753,0.611800422673692,0.037675511927162585,sgmeat
ARG,0.00011437742783232993,0.004796039533299794,0.7282583479052576,4.4597983687307277e-07,sgmeat
ATG,,,,,sgmeat
AUS,2.3370836930163127e-05,0.001095218417164528,0.5797615499301351,3.8544455157242045e-05,sgmeat
AUT,0.0004894426352113859,0.03092945839876972,0.8855311604235873,2.178418804031083e-10,sgmeat
AZE,0.0005010990063617007,0.007616109140743586,1.0,0.0,sgmeat
BEL,0.00027636748085134753,0.10535043770242437,0.04419452193698344,0.38766899303277413,sgmeat
BEN,,,,,sgmeat
BFA,5.7953091681394754e-05,0.003091802458440278,0.314147568357978,0.006663044703420693,sgmeat
BGR,-7.471774183592163e-05,0.007143148528820213,0.9083228437687568,0.04694027271699453,sgmeat
BIH,-0.0002430768862914857,0.009504594461096999,0.5041398127149621,0.04846722288075814,sgmeat
BLR,0.0005622311588230461,0.012347376153258307,0.8212528007344492,6.411328600572696e-09,sgmeat
BOL,-1.5951677898980013e-05,0.0013494863166463398,0.041544504847044944,0.7422906321597759,sgmeat
BRA,0.00015052246920054527,0.007719367091483522,0.7672768785895969,9.249246327810052e-08,sgmeat
BWA,1.4490228667455952e-05,0.0001537877102530376,0.9818815786328318,0.0010407506322556287,sgmeat
CAN,4.1327328593035356e-05,0.009035748147959283,0.04671595446518627,0.3339997386373437,sgmeat
CHE,0.00010900332877288,0.03351441007533734,0.4938621519938925,0.0002651237481134367,sgmeat
CHL,8.256365674423158e-05,0.0031989887780269643,0.7586605281698705,1.3371243864372185e-07,sgmeat
CHN,6.895825099028827e-05,0.0031399300171023685,0.8975479909639401,2.3574746063546136e-11,sgmeat
CIV,,,,,sgmeat
CMR,0.00012392309174863726,0.006811320153135427,0.3463564050708298,0.003961257933631599,sgmeat
COD,,,,,sgmeat
COL,9.699125350903104e-06,0.004050855473827653,0.0588303245222118,0.2767741237101521,sgmeat
CRI,,,,,sgmeat
CUB,1.7193392677182165e-05,0.005333466355778551,0.03092367300065841,0.43374518270747003,sgmeat
CYP,-0.12792135066216676,2.303834456373335,0.5681619913533767,0.05034958433729275,sgmeat
CZE,-0.00042391991039263745,0.032093629867009414,0.6079969526921695,5.0445508319822536e-05,sgmeat
DEU,-0.0006883511600987501,0.0560279554578363,0.5978094175372769,2.4522837767200566e-05,sgmeat
DNK,-0.0003998290392012544,0.06726028647559538,0.025272175803083195,0.47979350100782026,sgmeat
DZA,5.7890134535861716e-05,0.001243245710997647,0.9077050738208168,8.256914606864226e-12,sgmeat
ECU,0.0006526369064239496,0.007504107469311317,0.9850649956901564,0.07799554550379519,sgmeat
EGY,,,,,sgmeat
ESP,9.59089068109049e-05,0.013175803889760066,0.40147249612246694,0.001545786144457674,sgmeat
EST,1.601183345906265e-05,0.01197161582179402,0.025244981973393265,0.7636755027887328,sgmeat
ETH,7.616067697199919e-05,0.0035891487260988337,0.660112675785597,0.026364976987585376,sgmeat
FIN,-0.012173834030514846,0.20950591427823934,0.13919637469441276,0.08723197931239637,sgmeat
FRA,-0.00013853847656642758,0.030814669853573763,0.14586001609371363,0.11782219707576852,sgmeat
GBR,0.00014802394821562494,0.01777795675064273,0.6056396372558923,2.0032560754438496e-05,sgmeat
GEO,-0.00016746243735399463,0.006215626145207985,0.7386799608578696,2.9974462994074853e-07,sgmeat
GHA,,,,,sgmeat
GLP,-0.0002676794438220323,0.024062422038781898,0.4104260473132842,0.12108630315977646,sgmeat
GRC,-1.3880112259890365e-05,0.008354234505056565,0.016256265350978454,0.8724999398000987,sgmeat
GTM,0.0009846929646358982,0.0022547108271765114,0.9386011376990764,1.3806339024769566e-13,sgmeat
HND,-3.451865175731988e-05,0.007669158029550481,0.18767125974980484,0.04400930015218239,sgmeat
HRV,-0.0008883875897074226,0.032372774494823994,0.651580626477056,0.008531595746183115,sgmeat
HTI,3.0177202598910517e-05,0.01189200986229028,0.025823115178956035,0.47498199305645117,sgmeat
HUN,0.00015698258141224288,0.01397372257460816,0.2515432587266975,0.047780980446018764,sgmeat
IDN,0.00015081048592105182,0.006853193009126891,0.6773220370655884,2.5663236883398697e-06,sgmeat
IND,0.003909660236586178,0.01920636826394405,0.9736116295027845,8.777744430880032e-07,sgmeat
IRL,0.00025922635955322274,0.02963127197173075,0.296930075387966,0.008730032633523174,sgmeat
IRN,-0.0004717027776458499,0.011567335673085998,0.9972533069176321,0.033379836310774784,sgmeat
ISL,1.6037201896925128e-05,0.001069248625991868,0.7779512585321597,5.7481407270507646e-08,sgmeat
ISR,0.0030039364272616796,0.1619670252995874,0.7487360595507173,0.33426168224411423,sgmeat
ITA,-0.0007858087430065793,0.04465071603000292,0.4996598145199776,0.0004927409484329756,sgmeat
JAM,-0.00026612522867609225,0.008595056613364373,0.5531413376739719,7.269201547173746e-05,sgmeat
JPN,-0.0024829752795009386,0.12236448061602564,0.12387037099841237,0.10820267861784455,sgmeat
KAZ,9.132213590318634e-06,0.00047316180835202246,0.6133682705286132,1.6345196526919284e-05,sgmeat
KEN,0.0002362181421508657,-0.0012898495803733991,0.5433290279814963,0.09458339974715047,sgmeat
KGZ,5.6734945078812697e-05,0.002638591166718462,0.7827463714354165,4.608158663007019e-08,sgmeat
KOR,,,,,sgmeat
KWT,,,,,sgmeat
LBN,0.00035918973245614185,0.018000869771929752,0.6957756048844249,0.37193858505369237,sgmeat
LSO,-6.263271312538508e-06,0.0007172492633795134,0.39819382725230607,0.0016380968001240433,sgmeat
LTU,-0.0001770061316822187,0.01710211957789965,0.035880656019273816,0.3985081751627098,sgmeat
LUX,0.0003852356678076175,0.035258285088505016,0.3714507757015295,0.0033572341686087326,sgmeat
LVA,-3.9899916862590745e-05,0.008026150188650957,0.033475492311244574,0.4400538628899205,sgmeat
MAR,0.00010021603546013623,0.0017948807023427191,0.9528234612581695,9.835142518360466e-15,sgmeat
MDA,-0.0004303611741618243,0.016476796121010433,0.8336009836118281,3.1128926816769254e-09,sgmeat
MDG,-7.028478084781478e-07,0.0002601078781075842,0.03298593692395098,0.4185669796914306,sgmeat
MEX,0.0001019065883554882,0.003508517724485674,0.9897600062959832,2.2440191747698646e-21,sgmeat
MLI,3.806088689796613e-06,0.00027510930407223554,0.25295648450097946,0.017040267724071984,sgmeat
MLT,,,,,sgmeat
MNG,1.6557090977365162e-05,0.00013016899750963403,0.6717682726312784,3.054863923274323e-06,sgmeat
MOZ,,,,,sgmeat
MRT,5.476114727157371e-06,0.00019874184937126126,0.9613174761381873,1.345619088128341e-15,sgmeat
MUS,,,,,sgmeat
MYS,0.0006436694932981067,0.011697648528356532,0.6071126019567992,1.927647216824685e-05,sgmeat
NAM,-1.819363875480001e-05,0.00047238712236840014,1.0,0.0,sgmeat
NER,7.262823082156578e-06,0.00046868211795265133,0.5474861615608037,8.279744005223093e-05,sgmeat
NIC,0.00029192533292195634,0.0038771542363167,0.9550916322344458,6.0024015164660865e-15,sgmeat
NLD,0.0007470116147650428,0.1168903320382003,0.15238500479040532,0.1092482817417013,sgmeat
NOR,-0.0014671560898295048,0.057453446349260306,0.13388645608403724,0.0939887107039649,sgmeat
NPL,0.0009931620538425993,0.008939084074913714,1.0,0.0,sgmeat
NZL,0.0004504858951472062,0.01788350623964343,0.9141803251631939,4.875546519678915e-11,sgmeat
PAK,0.0038022661352666784,0.06751858172526642,0.9864686643667138,0.0006707676526311356,sgmeat
PER,5.377668441588337e-06,0.0023577191769897426,0.1386050353798382,0.32379295141312964,sgmeat
PHL,-0.00026864042362258634,0.03383499414469976,0.13010402067727525,0.09912023295411701,sgmeat
PNG,-2.2382372344826304e-05,0.002542378762043531,0.5015127339863897,0.0002261901468380086,sgmeat
POL,0.0012238769333014383,0.027391557593473802,0.9447918381998162,4.7557249993473026e-14,sgmeat
PRK,,,,,sgmeat
PRT,-0.00039888144903202306,0.01970734598291552,0.8938303071149232,3.373337361539842e-11,sgmeat
PRY,0.00014541805653563386,0.002530020947998071,0.8856883691696755,7.091651543581513e-11,sgmeat
QAT,0.0005982039999999997,0.0171922181333333,1.0,0.0,sgmeat
REU,-0.0001706226323862926,0.04093000255102038,0.08683963810263264,0.5211619400327427,sgmeat
ROU,-0.0001416877284959621,0.011005328609661622,0.44568836226204955,0.0009441943752834717,sgmeat
RUS,-3.8004546950247935e-05,0.003792030916484299,0.2941611171907898,0.009113480304128868,sgmeat
RWA,,,,,sgmeat
SAU,,,,,sgmeat
SDN,1.7331869398347467e-05,0.0009935050244898,0.9610743212105319,0.019656018934918976,sgmeat
SEN,0.00011015973869583936,0.0016806698031834367,0.9257884417277524,9.244610837564113e-13,sgmeat
SGP,0.020086008840254823,0.05406475676634118,1.0,0.0,sgmeat
SRB,0.00017800625931183,0.029517075004646835,0.14062473433987954,0.320012376417542,sgmeat
SVK,-0.00035494645558371824,0.01643831581574611,0.6536822652927634,4.8884898686947784e-05,sgmeat
SVN,-0.0005933088003152892,0.031104584373141828,0.6585693212623567,1.4061433807880261e-05,sgmeat
SWE,-0.0012531529363765,0.0417718855500736,0.18369997132696686,0.05255263452778121,sgmeat
SYR,,,,,sgmeat
TCD,8.356797006104303e-05,0.0007119836741357665,0.9824950395314972,4.798369860670948e-19,sgmeat
THA,0.0002398787110397489,0.004662376239263493,0.9676961534866013,0.016284515987167514,sgmeat
TTO,,,,,sgmeat
TUN,3.021638059663456e-05,0.003914689833469356,0.5022893127473318,0.00022254496209962323,sgmeat
TUR,0.0008479862111676505,0.0069189125240642115,0.9174391687003717,2.695815590597941e-12,sgmeat
TWN,,,,,sgmeat
TZA,0.00020587047394129932,0.00011234965120594017,0.9245016995951194,0.000546771814712456,sgmeat
UGA,,,,,sgmeat
UKR,-0.0004677301026775594,0.020266429874218728,0.8485404208245781,1.2055035990698777e-09,sgmeat
URY,0.00013435481698307583,0.006164905371840086,0.6664905869903004,3.595572286932912e-06,sgmeat
USA,-4.852243355670207e-05,0.009323003397150361,0.3820509579052528,0.024351215422082864,sgmeat
UZB,0.0003965124028022733,0.0033068117419383404,0.9787778355695275,3.2970554295836823e-18,sgmeat
VNM,0.0036660098527443487,0.01342889879162508,0.9734957773787064,3.0510290479837044e-17,sgmeat
VUT,-0.00023062461685291051,0.013485023178344884,0.46289439884574557,0.0004934098993523461,sgmeat
WSM,,,,,sgmeat
ZAF,5.735030968947081e-05,0.0014799028658360473,0.9107746270647449,5.878438834489098e-12,sgmeat
AFG,-2.5063463840299263e-06,0.0014584006120019234,0.028990165498897373,0.4487178032122744,sgmeat
AGO,5.3414321013981365e-06,0.0004107949675969605,0.6753611084478084,2.7300846778470534e-06,sgmeat
ALB,-0.00020474086690643024,0.023048581073509582,0.35575067277489164,0.0033905676540221443,sgmeat
ARE,0.0008052364973461337,0.01625940365059281,0.7832398291363706,4.503291756047554e-08,sgmeat
ARG,0.00011437742783232993,0.004796039533299794,0.7282583479052576,4.4597983687307277e-07,sgmeat
ARM,0.00028352447433843117,0.007716019918960861,0.7980354215671928,2.2022534143713197e-08,sgmeat
ATG,-0.0014971543279570687,0.03339763130034473,0.7774639957665495,5.8771679141054906e-08,sgmeat
AUS,2.3370836930163127e-05,0.001095218417164528,0.5797615499301351,3.8544455157242045e-05,sgmeat
AUT,0.0004754278434499547,0.031022890343845942,0.8889498902937228,5.300473340938527e-11,sgmeat
AZE,0.0004966338978156832,0.007348889586193389,0.9842293572942797,1.688995965351536e-19,sgmeat
BDI,0.00017202613881175938,0.002663839437757786,0.6191327862683703,1.4008346074958169e-05,sgmeat
BEL,0.0002776974555742407,0.10536459616693129,0.06686506478805904,0.24525210657007732,sgmeat
BEN,0.0001915123159707729,0.0063762333497928494,0.7029442882676102,1.1038497010102657e-06,sgmeat
BFA,5.7953091681394754e-05,0.003091802458440278,0.314147568357978,0.006663044703420693,sgmeat
BGD,0.0009892596009896159,0.02629109252322023,0.1663277380837014,0.05954969831412126,sgmeat
BGR,-0.00013200420660326175,0.007925403748903041,0.3205224167708041,0.006020759488498135,sgmeat
BHR,0.029092284204780734,0.16273745857707506,0.8990051163617646,2.04135515189059e-11,sgmeat
BHS,2.451219993574749e-05,0.005368020429445369,0.25831145949983414,0.015730713088514765,sgmeat
BIH,-4.8651272754070915e-05,0.006543495050707319,0.0800095503368212,0.2021230801465478,sgmeat
BLR,0.0005622311588230466,0.012347376153258309,0.8212528007344492,6.411328600572696e-09,sgmeat
BLZ,-3.2006008903875885e-05,0.0057076820546746974,0.02085492120253278,0.5213991580943718,sgmeat
BOL,3.4043600595641504e-05,0.0008805874062415872,0.8717184677355333,2.262504466523327e-10,sgmeat
BRA,0.00015052246920054527,0.007719367091483522,0.7672768785895969,9.249246327810052e-08,sgmeat
BRB,-0.000867944930575212,0.033932172913844275,0.16261858694958942,0.0627479907175928,sgmeat
BRN,-0.0014201133969324478,0.09627301652418736,0.0436473242811753,0.35078239487652163,sgmeat
BTN,2.686532377928746e-05,0.00045464753953274983,0.8489262556248375,1.174904257856804e-09,sgmeat
BWA,1.1756385300352908e-05,0.00020324008949066722,0.9436941477309705,5.793588524820964e-14,sgmeat
CAF,0.0001174611468318608,0.003911720853973283,0.9536555475843718,8.228597414029356e-15,sgmeat
CAN,4.1327328593035356e-05,0.009035748147959283,0.04671595446518627,0.3339997386373437,sgmeat
CHE,0.00010900332877288052,0.033514410075337335,0.4938621519938937,0.0002651237481134297,sgmeat
CHL,8.256365674423158e-05,0.0031989887780269643,0.7586605281698705,1.3371243864372185e-07,sgmeat
CHN,6.895825099028827e-05,0.0031399300171023685,0.8975479909639401,2.3574746063546136e-11,sgmeat
CIV,4.367445053214229e-06,0.0003136526057618052,0.6628175312120519,4.021496543107233e-06,sgmeat
CMR,0.00012392309174863726,0.006811320153135427,0.3463564050708298,0.003961257933631599,sgmeat
COD,2.2696464045523434e-06,0.00021271473239344583,0.5331025768619361,0.00011451416356666815,sgmeat
COG,3.5618988195749433e-06,5.7729656008349146e-05,0.5924849272414119,2.8078206450866068e-05,sgmeat
COL,9.699125350903104e-06,0.004050855473827653,0.0588303245222118,0.2767741237101521,sgmeat
COM,3.594502164693424e-05,0.0134462251159893,0.03633143675218167,0.39550596790368486,sgmeat
CPV,8.817139415294671e-05,0.005222379487592914,0.4556752101454592,0.0005676148515902982,sgmeat
CRI,0.00025594862297691716,0.012118672716041274,0.7852682188637101,4.094478277241658e-08,sgmeat
CUB,1.7193392677183345e-05,0.0053334663557785345,0.030923673000663416,0.4337451827074322,sgmeat
CYP,-0.06641748256300756,2.2065408834074396,0.4698091497818572,0.00043075327824301524,sgmeat
CZE,-0.00034299366797731917,0.03156909398392529,0.5242302533333203,0.00013922670279721766,sgmeat
DEU,-0.0006883511600987501,0.056027955457836294,0.5978094175372763,2.452283776720087e-05,sgmeat
DJI,3.997429191435518e-06,0.0008135465552090407,0.07444804146175944,0.219236483529309,sgmeat
DMA,-0.0005179027877133836,0.05749148278891256,0.17443323282017992,0.05310489532595242,sgmeat
DNK,-0.0003998290392012549,0.06726028647559538,0.025272175803083264,0.47979350100781964,sgmeat
DOM,7.982369110417681e-05,0.012634214530702615,0.04879467740488608,0.3232085619781053,sgmeat
DZA,5.7890134535862224e-05,0.0012432457109976464,0.9077050738208088,8.256914606871464e-12,sgmeat
ECU,0.0004640819905233068,0.007009036589337661,0.9043966253954318,1.176215086053132e-11,sgmeat
EGY,,,,,sgmeat
ERI,1.3078746743612142e-05,0.0006065736926430407,0.7652444622933857,1.0101387473267809e-07,sgmeat
ESP,9.59089068109049e-05,0.013175803889760066,0.40147249612246694,0.001545786144457674,sgmeat
EST,-0.00040644517372143813,0.01772734585988899,0.16175183636737941,0.06351928841201446,sgmeat
ETH,9.000005347217606e-05,0.0033197729091781333,0.7806593195273296,5.076504913667635e-08,sgmeat
FIN,-0.012173834030514846,0.20950591427823934,0.13919637469441276,0.08723197931239637,sgmeat
FJI,-7.435639734830213e-05,0.004249705323716568,0.2907365381997622,0.009609436350380583,sgmeat
FRA,-8.680639516632682e-05,0.030511461170008605,0.0994953539670317,0.1527343965265389,sgmeat
FRO,2.3182739995519826e-05,0.0005933241717397781,0.6871900276441777,1.8692465549222475e-06,sgmeat
GAB,-1.1759403663853188e-06,0.0002216443255952186,0.19448292217419175,0.039935777146196116,sgmeat
GBR,0.00014802394821562494,0.01777795675064273,0.6056396372558923,2.0032560754438496e-05,sgmeat
GEO,-0.00016746243735399463,0.006215626145207985,0.7386799608578696,2.9974462994074853e-07,sgmeat
GHA,5.690474224350087e-05,0.0006643258014167224,0.944706186647627,4.830222072900952e-14,sgmeat
GIN,5.6070576935078775e-05,0.0005785628132663044,0.8559927889255606,7.250039156106647e-10,sgmeat
GLP,-0.0002676794438220323,0.024062422038781898,0.4104260473132842,0.12108630315977646,sgmeat
GMB,-5.766068514527286e-06,0.004440727568173055,0.0034221777036215484,0.7959507718137417,sgmeat
GNB,9.41175416642514e-06,0.005820296327513886,0.005990231356257018,0.7320905773167561,sgmeat
GNQ,-9.020782852082784e-05,0.003555977974424433,0.28543603514281385,0.010426958985569085,sgmeat
GRC,8.12566121445716e-06,0.008161848789837734,0.007174238162253643,0.7078339307206285,sgmeat
GRD,0.0017370965036418295,0.020811355281986507,0.9375605163536759,1.6341283817947723e-13,sgmeat
GTM,0.0009846929646358982,0.0022547108271765114,0.9386011376990764,1.3806339024769566e-13,sgmeat
GUF,-0.0004068796653796607,0.008097941441441353,0.43237854794939673,0.1084497248025818,sgmeat
GUY,2.448887527335172e-05,0.000777052767497857,0.8125607689451324,1.0356785930533317e-08,sgmeat
HKG,-0.053838767653539114,1.726523259264968,0.5310359379962296,0.00011988376151156785,sgmeat
HND,-3.451865175731988e-05,0.007669158029550481,0.18767125974980484,0.04400930015218239,sgmeat
HRV,-0.0008318056458239362,0.03287556593822044,0.6595181962829316,4.442477347236637e-06,sgmeat
HTI,3.0177202598910517e-05,0.01189200986229028,0.025823115178956035,0.47498199305645117,sgmeat
HUN,6.479271112256051e-05,0.0154482294107926,0.05402210542587786,0.297929873283146,sgmeat
IDN,0.00015081048592105182,0.006853193009126891,0.6773220370655884,2.5663236883398697e-06,sgmeat
IND,0.003547926387023204,0.023353777992883303,0.8099003444331028,1.1941785294903689e-08,sgmeat
IRL,0.000259226359553224,0.02963127197173073,0.296930075387969,0.008730032633522762,sgmeat
IRN,2.985360421643045e-05,0.003525097637073893,0.04847211729837563,0.32485397229026186,sgmeat
IRQ,1.2831466726160815e-05,0.0033082068809886017,0.035658674315399506,0.39999817533435617,sgmeat
ISL,1.6037201896925128e-05,0.001069248625991868,0.7779512585321597,5.7481407270507646e-08,sgmeat
ISR,0.004388671232380267,0.14449880638010537,0.7765912435377376,6.114825511368879e-08,sgmeat
ITA,-0.0006487709920983617,0.04375860472927909,0.44621443202098154,0.0006802980775639342,sgmeat
JAM,-0.0002661252286760932,0.008595056613364379,0.5531413376739746,7.269201547173288e-05,sgmeat
JOR,0.0005640181277731588,0.0037293997888012105,0.8839596216690495,8.247386166307426e-11,sgmeat
JPN,-0.0024829752795009386,0.12236448061602564,0.12387037099841237,0.10820267861784455,sgmeat
KAZ,9.132213590318634e-06,0.00047316180835202246,0.6133682705286132,1.6345196526919284e-05,sgmeat
KEN,-8.342260794847322e-06,0.003941323870577488,0.004768076631607621,0.7601085968658894,sgmeat
KGZ,5.6734945078812697e-05,0.002638591166718462,0.7827463714354165,4.608158663007019e-08,sgmeat
KNA,-0.0018764965311368457,0.04022039697266568,0.3630646947596456,0.0029998976878077917,sgmeat
KOR,-0.004880293801036607,0.42668418909234285,0.0327801133644226,0.4200471773156493,sgmeat
KWT,0.0008118151026364475,0.026611127737855074,0.7610096527511848,1.21086586906736e-07,sgmeat
LBN,-0.0004389372502080913,0.03235363341410055,0.5754514998480449,4.282272833640177e-05,sgmeat
LBR,-3.008628317596895e-06,0.00039742745743056283,0.41609521069312483,0.0011893725778181988,sgmeat
LBY,4.0618662895588935e-06,0.0004267429575025316,0.24032807476583712,0.020546704868205187,sgmeat
LCA,0.004560280027845794,0.07570814420962545,0.5788547950909185,3.941085228874018e-05,sgmeat
LSO,-6.263271312539864e-06,0.0007172492633795276,0.3981938272524864,0.0016380968001188318,sgmeat
LTU,-0.00017700613168221898,0.017102119577899647,0.0358806560192739,0.39850817516270937,sgmeat
LUX,0.00034522225171245823,0.03584795648359158,0.33394104123177376,0.0048519532768113655,sgmeat
LVA,-1.7137231724667868e-05,0.007877661044236822,0.008054303492539175,0.6912371732832071,sgmeat
MAR,0.00010021603546013623,0.0017948807023427191,0.9528234612581695,9.835142518360466e-15,sgmeat
MDA,-0.0004303611741618243,0.016476796121010433,0.8336009836118281,3.1128926816769254e-09,sgmeat
MDG,-7.028478084781478e-07,0.0002601078781075842,0.03298593692395098,0.4185669796914306,sgmeat
MEX,0.0001019065883554882,0.003508517724485674,0.9897600062959832,2.2440191747698646e-21,sgmeat
MKD,-4.500678051969341e-05,0.004929180756724872,0.11841773698845166,0.11683914970556535,sgmeat
MLI,3.806088689796613e-06,0.00027510930407223554,0.25295648450097946,0.017040267724071984,sgmeat
MLT,,,,,sgmeat
MMR,0.003317526961196135,0.10899616405073348,0.06875321077110613,0.23846071575021313,sgmeat
MNE,0.00030915434233657414,0.0015247689156129745,0.5886662534573909,0.0005225563635662019,sgmeat
MNG,1.6557090977365162e-05,0.00013016899750963403,0.6717682726312784,3.054863923274323e-06,sgmeat
MOZ,2.1558161871270877e-06,3.3972082537276594e-05,0.5858114310564443,3.319245798377584e-05,sgmeat
MRT,5.476114727157371e-06,0.00019874184937126126,0.9613174761381873,1.345619088128341e-15,sgmeat
MTQ,-0.00042392405934264647,0.029057385347611438,0.39477013172622183,0.1307583612657676,sgmeat
MUS,-0.0009693807458810212,0.03787141838416845,0.22625714777368708,0.025253290682413675,sgmeat
MWI,0.00026263867786579533,0.0012556236216858534,0.9534900582001482,8.527865697532396e-15,sgmeat
MYS,0.0006436694932981067,0.011697648528356532,0.6071126019567992,1.927647216824685e-05,sgmeat
NAM,-5.691143133815753e-06,0.0002773431490973336,0.7475834550328546,2.1081353197731733e-07,sgmeat
NCL,1.4485160853041896e-05,0.002768217480956769,0.12562549188554356,0.10556331133486685,sgmeat
NER,7.262823082156578e-06,0.00046868211795265133,0.5474861615608037,8.279744005223093e-05,sgmeat
NGA,9.336785099987348e-06,0.0032390541815523056,0.10004155536415182,0.1515512343069652,sgmeat
NIC,0.00029192533292195634,0.0038771542363167,0.9550916322344458,6.0024015164660865e-15,sgmeat
NIU,,,,,sgmeat
NLD,0.0012835761416489784,0.1137016898768321,0.43910982075714533,0.000777980915864516,sgmeat
NOR,-0.0014671560898295048,0.057453446349260306,0.13388645608403724,0.0939887107039649,sgmeat
NPL,0.0005841195293387413,0.016025146869888988,0.990407795392461,1.1670378755818421e-21,sgmeat
NZL,0.0004709332977565121,0.01775322471626092,0.9318882363305417,3.9093610172294645e-13,sgmeat
OMN,0.00020584070214365254,0.0020780466173551298,0.8718803361215652,2.2339308660715478e-10,sgmeat
PAK,0.004024441860196501,0.06339746660890638,0.9937629331244938,1.5741185282476295e-23,sgmeat
PAN,,,,,sgmeat
PER,4.3432395114204125e-05,0.0017106741264012338,0.9238991957804719,1.1897789395261678e-12,sgmeat
PHL,-0.00026864042362258634,0.03383499414469976,0.13010402067727525,0.09912023295411701,sgmeat
PNG,-2.2382372344826304e-05,0.002542378762043531,0.5015127339863897,0.0002261901468380086,sgmeat
POL,0.0012238769333014383,0.027391557593473802,0.9447918381998162,4.7557249993473026e-14,sgmeat
PRI,-0.0005470527141549969,0.026752177400680758,0.8734023176543008,1.9807468182109019e-10,sgmeat
PRK,-0.0010613169701007455,0.035282192563325904,0.17529068006196885,0.05246427540246556,sgmeat
PRT,-0.00039888144903202306,0.01970734598291552,0.8938303071149232,3.373337361539842e-11,sgmeat
PRY,0.00014541805653563386,0.002530020947998071,0.8856883691696755,7.091651543581513e-11,sgmeat
PYF,0.0004423396094344373,0.0016566996331949498,0.6593568822122039,4.4640476054599e-06,sgmeat
QAT,0.0007548836005270085,0.01651677665507243,0.7041898474145956,1.057603874377411e-06,sgmeat
REU,-0.0001706226323862926,0.04093000255102038,0.08683963810263264,0.5211619400327427,sgmeat
ROU,-0.0001402923742641045,0.010985328532338329,0.4753358782449749,0.00038599614944442883,sgmeat
RUS,-3.8004546950247935e-05,0.003792030916484299,0.2941611171907898,0.009113480304128868,sgmeat
RWA,0.0007811440582477736,0.008511080049659467,0.9458941819627484,3.885030151081362e-14,sgmeat
SAU,6.201938274736927e-06,8.50784635412123e-05,0.8524937205672926,9.234236659982e-10,sgmeat
SDN,1.1386520382450297e-05,0.0010761271109474403,0.7363873115251186,0.001488056301287913,sgmeat
SEN,0.00011015973869583936,0.0016806698031834367,0.9257884417277524,9.244610837564113e-13,sgmeat
SGP,,,,,sgmeat
SLE,4.970661291172523e-05,0.0003627330024758668,0.8021694411412869,1.7866867236898358e-08,sgmeat
SLV,-0.0003713172278616745,0.015419929059871999,0.8005865698972014,1.9366058081282868e-08,sgmeat
SOM,-2.094111692686164e-06,0.0005422542080217865,0.29446884768252923,0.009070103116291894,sgmeat
SRB,-0.00013352498146355164,0.0351504382552616,0.09629357774492327,0.24211358358479762,sgmeat
SSD,3.894978603084606e-05,0.00076547534215848,0.9201421058039798,1.1494667909614355e-05,sgmeat
STP,0.0008074244339527669,0.012244166270134051,0.5641347020696862,5.618718311964829e-05,sgmeat
SUR,5.277620348928601e-05,0.012672330910628922,0.04238201997999374,0.35801930509165625,sgmeat
SVK,-0.00029788846449626876,0.016081312048617145,0.6822093178795526,2.1961383868861122e-06,sgmeat
SVN,-0.0004944489884036187,0.03046201784722716,0.5944477074161418,2.6716529176437542e-05,sgmeat
SWE,-0.0012099878031794507,0.041550304532995415,0.18291507670651014,0.04708835529537937,sgmeat
SWZ,1.9256766755368944e-05,0.0026323367142436806,0.13895204001966854,0.08753193157726509,sgmeat
SYR,4.144343321441671e-06,0.004395852413320726,0.0023153516489655144,0.8316059394559516,sgmeat
TCD,8.356797006104303e-05,0.0007119836741357665,0.9824950395314972,4.798369860670948e-19,sgmeat
TGO,-5.982114952117107e-06,0.0018163645588986298,0.03215295548653373,0.42460396888787,sgmeat
THA,-0.0003009081674933112,0.011727796727437548,0.055932075733092466,0.28930111011413967,sgmeat
TJK,0.0010091441490159407,-0.0029280279100297726,0.7758881823803444,6.312547170020035e-08,sgmeat
TKM,3.1731356080884354e-05,0.0009505301769772415,0.6793135667038662,2.4091553482649396e-06,sgmeat
TLS,3.135929971800508e-05,0.0019646143394773737,0.3984921551041185,0.001629492707850228,sgmeat
TTO,-2.531043908777951e-05,0.020984198320089072,0.001984141130637603,0.8439605441387232,sgmeat
TUN,3.021638059663405e-05,0.003914689833469365,0.5022893127473298,0.0002225449620996323,sgmeat
TUR,0.0008479862111676505,0.0069189125240642115,0.9174391687003717,2.695815590597941e-12,sgmeat
TZA,0.00014368339731003651,0.0010914742296801434,0.923413512367658,1.2682313054424874e-12,sgmeat
UGA,0.00021472689921681843,0.004421791330706304,0.9633318561069262,7.875016000250073e-16,sgmeat
UKR,-0.0004677301026775594,0.020266429874218728,0.8485404208245781,1.2055035990698777e-09,sgmeat
URY,0.00013435481698307583,0.006164905371840086,0.6664905869903004,3.595572286932912e-06,sgmeat
USA,-3.4823415333788167e-06,0.009085817415589382,0.003966539676609355,0.7806765539972067,sgmeat
UZB,0.0003965124028022733,0.0033068117419383404,0.9787778355695275,3.2970554295836823e-18,sgmeat
VCT,-0.00011694842288792499,0.022179820830773002,0.14835181608562445,0.0767015087961149,sgmeat
VEN,8.559815443507171e-06,0.00454333383259592,0.00975730503670057,0.6618629113069148,sgmeat
YEM,3.0328222502157485e-05,0.0007289328679359692,0.6774929715784566,2.5524787149103764e-06,sgmeat
ZAF,5.735030968947081e-05,0.0014799028658360473,0.9107746270647449,5.878438834489098e-12,sgmeat
ZMB,7.160608283458002e-05,0.00042675638561539186,0.8293420692486428,4.01713827684688e-09,sgmeat
ZWE,1.8729255237033474e-05,0.008076059938396489,0.02162872958532351,0.5136876682821072,sgmeat
AFG,-5.370742251495413e-05,0.03125144168575661,0.028990165498922155,0.44871780321207755,bvmilk
ALB,-0.004387304290852122,0.4938981658609214,0.35575067277489664,0.003390567654021858,bvmilk
ARE,0.01725506780027426,0.3484157925127048,0.7832398291363711,4.50329175604743e-08,bvmilk
ARG,0.007224605439370935,0.08516190936620974,0.880445713146732,0.061679312203587786,bvmilk
ARM,0.006075524450109244,0.16534328397773357,0.7980354215671943,2.2022534143711436e-08,bvmilk
AUS,-0.00024148025472820085,0.023631436285355103,1.0,0.0,bvmilk
AUT,0.010187739502499025,0.6647762216538425,0.8889498902937216,5.300473340939138e-11,bvmilk
AZE,0.010642154953193221,0.1574762054184306,0.9842293572942804,1.6889959653508224e-19,bvmilk
BDI,0.0036862744031091205,0.05708227366623935,0.6191327862683635,1.4008346074960766e-05,bvmilk
BEL,0.16304239572697776,0.657408861383072,1.0,0.0,bvmilk
BFA,0.0012418519646013647,0.06625290982372088,0.31414756835799346,0.0066630447034190755,bvmilk
BGD,0.021198420021206074,0.5633805540690056,0.1663277380837019,0.059549698314120894,bvmilk
BGR,-0.002828661570069892,0.1698300803336377,0.32052241677080096,0.006020759488498443,bvmilk
BHR,0.6234060901024446,3.487231255223037,0.8990051163617637,2.041355151890762e-11,bvmilk
BIH,-0.0010425272733015378,0.14021775108658655,0.08000955033682451,0.20212308014653807,bvmilk
BOL,0.000729505727049451,0.018869730133749412,0.8717184677355386,2.262504466522358e-10,bvmilk
CHE,0.002335785616561725,0.7181659301858009,0.49386215199389405,0.0002651237481134278,bvmilk
CHL,0.004017611480988302,0.05494946226616715,0.874930500405677,0.23012034006949067,bvmilk
CHN,0.0014776768069347977,0.0672842146521943,0.8975479909639413,2.3574746063543034e-11,bvmilk
CMR,0.0026554948231850535,0.1459568604243322,0.346356405070822,0.003961257933632112,bvmilk
CYP,-1.4232317692073104,47.28301893015953,0.46980914978185767,0.0004307532782430127,bvmilk
CZE,-0.03588752281731056,0.8192067832558815,1.0,0.0,bvmilk
DEU,-0.00669844840783992,1.084867277739109,0.5529622231999551,0.021634526104627374,bvmilk
DNK,-0.010517149817072814,1.4709913021693495,0.03498100149468348,0.4169020602258698,bvmilk
DZA,0.0012405028829113286,0.02664097952137931,0.9077050738208046,8.256914606875264e-12,bvmilk
ECU,0.009944614082642288,0.15019364120009376,0.9043966253954306,1.1762150860532619e-11,bvmilk
EGY,,,,,bvmilk
ERI,0.00028025885879170656,0.012998007699494597,0.7652444622934129,1.0101387473255949e-07,bvmilk
ESP,0.002055190860233671,0.2823386547805739,0.40147249612246916,0.001545786144457614,bvmilk
EST,,,,,bvmilk
ETH,0.0019285725744037376,0.07113799091096126,0.7806593195273329,5.0765049136668446e-08,bvmilk
FIN,-0.010660227585841453,0.879858628815176,1.0,0.0,bvmilk
FRA,-0.0018601370392784394,0.653817025071614,0.09949535396703257,0.15273439652653695,bvmilk
GBR,,,,,bvmilk
GEO,-0.003588480800442723,0.13319198882588623,0.7386799608578674,2.9974462994077537e-07,bvmilk
GIN,0.0012015123628945491,0.012397774569993155,0.8559927889255526,7.250039156110736e-10,bvmilk
GNB,0.0002016804464234419,0.12472063558958375,0.0059902313562597296,0.7320905773166975,bvmilk
GRC,0.00017412131173839083,0.1748967597822378,0.007174238162255373,0.7078339307205948,bvmilk
GTM,,,,,bvmilk
HRV,-0.017824406696227195,0.7044764129618675,0.6595181962829326,4.442477347236523e-06,bvmilk
HUN,0.0013884152383405938,0.3310334873741279,0.05402210542587891,0.29792987328314113,bvmilk
IDN,0.0032316532697368333,0.1468541359098629,0.6773220370655895,2.5663236883397782e-06,bvmilk
IND,0.1561363764236638,0.356145832022838,1.0,0.0,bvmilk
IRL,0.005849095069074318,0.6200666606169215,0.27348678125427556,0.03765775260567321,bvmilk
IRN,0.0006397200903520325,0.07553780650872773,0.048472117298368755,0.32485397229029706,bvmilk
IRQ,0.000274960001274872,0.07089014744975683,0.0356586743153976,0.3999981753343691,bvmilk
ISR,0.0940429549795772,3.0964029938594013,0.7765912435377378,6.114825511368824e-08,bvmilk
ITA,-0.013902235544964855,0.937684387055981,0.44621443202097977,0.0006802980775639595,bvmilk
JOR,0.012086102737996283,0.07991570976002657,0.8839596216690504,8.247386166306807e-11,bvmilk
KEN,-0.00017876273131815827,0.08445694008380422,0.004768076631607633,0.760108596865889,bvmilk
KGZ,,,,,bvmilk
KWT,0.017396037913638113,0.5702384515254677,0.7610096527511825,1.2108658690674772e-07,bvmilk
LBN,-0.009405798218744802,0.6932921445878699,0.5754514998480427,4.282272833640407e-05,bvmilk
LBY,8.703999191911961e-05,0.009144491946484081,0.24032807476580823,0.02054670486821392,bvmilk
LTU,0.0011885165656919509,0.2917034445051083,0.03830794783807918,0.6422817244604355,bvmilk
LUX,0.013243580920879,0.6989271450845066,0.7732962291838978,1.5659494715410544e-05,bvmilk
LVA,,,,,bvmilk
MAR,0.002147486474145781,0.03846172933591648,0.9528234612581649,9.835142518370426e-15,bvmilk
MDA,-0.009222025160610497,0.3530742025930814,0.8336009836118281,3.1128926816769254e-09,bvmilk
MKD,-0.0009644310111362853,0.10562530192981956,0.11841773698844857,0.11683914970557048,bvmilk
MLI,8.155904335278303e-05,0.00589519937297781,0.25295648450089403,0.017040267724093686,bvmilk
MLT,,,,,bvmilk
MMR,0.07108986345420294,2.3356320868014326,0.06875321077110619,0.2384607157502128,bvmilk
MNE,0.0066247359072123466,0.03267361962027841,0.5886662534573986,0.0005225563635661298,bvmilk
MNG,0.00035479480665782134,0.002789335660921731,0.6717682726312467,3.0548639232773252e-06,bvmilk
MOZ,,,,,bvmilk
MRT,0.00011734531558193246,0.004258753915099735,0.9613174761381493,1.3456190881415409e-15,bvmilk
MWI,0.0056279716685527425,0.0269062204646979,0.9534900582001451,8.52786569753795e-15,bvmilk
NER,0.00015563192318906256,0.010043188241843578,0.547486161560805,8.279744005222867e-05,bvmilk
NLD,0.026153617112429955,2.4908839222093917,0.4448146737040059,0.0034515108254503956,bvmilk
NOR,-0.3267939951529201,3.3979429972875232,1.0,0.0,bvmilk
NPL,0.01251684705725874,0.34339600435476497,0.9904077953924604,1.1670378755826482e-21,bvmilk
NZL,0.007370854880355263,0.3951865527506236,0.7279077439400325,0.0008396978560566169,bvmilk
OMN,0.004410872188792543,0.044529570371896636,0.8718803361215659,2.2339308660714424e-10,bvmilk
PAK,0.0862380398613536,1.3585171416194242,0.9937629331244936,1.574118528248192e-23,bvmilk
POL,0.02622593428503081,0.5869619484315824,0.9447918381998166,4.755724999346942e-14,bvmilk
PRT,-0.00854745962211478,0.42230027106247664,0.8938303071149235,3.3733373615397184e-11,bvmilk
QAT,0.0161760771541502,0.35393092832298134,0.7041898474145972,1.0576038743773503e-06,bvmilk
ROU,-0.003006265162802205,0.2353998971215362,0.47533587824497003,0.0003859961494444663,bvmilk
RUS,-0.0008143831489338548,0.08125780535323596,0.29416111719078125,0.009113480304130093,bvmilk
RWA,0.016738801248166606,0.18238028677841786,0.9458941819627495,3.885030151080595e-14,bvmilk
SAU,0.0001328986773157557,0.001823109933027324,0.8524937205671337,9.234236660082241e-10,bvmilk
SDN,0.00024399686533818407,0.023059866663161125,0.7363873115247712,0.0014880563012960237,bvmilk
SEN,0.0023605658291965485,0.03601435292536069,0.925788441727752,9.244610837564668e-13,bvmilk
SOM,-4.487382198613552e-05,0.01161973302903958,0.2944688476825626,0.00907010311628719,bvmilk
SRB,-0.0028612496027903456,0.7532236768984635,0.09629357774492117,0.2421135835848031,bvmilk
SSD,0.0008346382720894637,0.016403043046255755,0.9201421058039949,1.1494667909605575e-05,bvmilk
SVK,-0.0063833242392057135,0.3445995438989395,0.6822093178795485,2.1961383868864006e-06,bvmilk
SVN,-0.010595335465791852,0.6527575252977262,0.5944477074161427,2.6716529176436993e-05,bvmilk
SYR,8.880735688804054e-05,0.09419683742830232,0.002315351648965748,0.8316059394559433,bvmilk
TCD,0.0017907422155938025,0.015256793017195857,0.9824950395314994,4.798369860664907e-19,bvmilk
TUN,0.0006474938699278899,0.08388621071720152,0.5022893127473614,0.0002225449620994845,bvmilk
TUR,0.018171133096449636,0.1482624112299485,0.917439168700371,2.6958155905981533e-12,bvmilk
UKR,-0.010022787914519125,0.43428064016183077,0.8485404208245798,1.205503599069744e-09,bvmilk
URY,-0.0049071565170828975,0.20080761925149943,0.845023668511276,0.25758968822255707,bvmilk
YEM,0.000649890482189071,0.015619990027200634,0.6774929715784355,2.5524787149120705e-06,bvmilk
