Item_Code,Country_ISO,fp_m2_kg,fp_kg_m2,fp_m2,fp_kg
867.0,ARM,123.75477163622134,0.008080496507556996,8588577438.910609,69399969.99999999
867.0,AFG,1310.0843504688053,0.0007633096293701673,107144567359.22899,81784480.0
867.0,ALB,92.36610105673286,0.010826482752430816,2929113796.7111125,31712000.0
867.0,DZA,718.1633584853951,0.0013924408537202425,105045725719.12439,146269960.0
867.0,AGO,3320.0548442303884,0.0003011998436525246,341440549081.5665,102841840.0
867.0,ATG,345.069710659938,0.0028979651621335377,19668973.507616464,57000.0
867.0,ARG,233.40962502310572,0.004284313467797259,695955098153.2192,2981689800.0000005
867.0,AUS,1287.6762757789027,0.0007765927033136569,2438526658722.8535,1893742010.0
867.0,AUT,41.6397677587447,0.024015503779796936,8900084793.549448,213740020.0
867.0,BHS,286.94970122503724,0.0034849313162928185,5409001.868091952,18850.0
867.0,BHR,2.3607924333146317,0.4235865829999999,1967791.3169407449,833530.0
867.0,BRB,81.510342442453,0.012268381778741866,13123165.133234931,161000.0
867.0,BGD,28.62810091310758,0.03493071381280981,5718549614.257997,199753020.0
867.0,BTN,1539.9068913727951,0.0006493899115605105,1564545401.63476,1016000.0
867.0,BOL,1020.3976085551506,0.0009800101368484851,289992000403.0919,284195100.00000006
867.0,BWA,3702.0133768215865,0.00027012328109375,242133627783.4563,65405930.0
867.0,BRA,163.95966351469968,0.006099061065164639,1598606709430.7422,9749999940.0
867.0,BLZ,321.489183781084,0.0031105245540109477,533672045.0765995,1660000.0
867.0,SLB,123.04794518624654,0.008126913444075725,94636174.64274222,769100.0
867.0,BRN,8.653753990917355,0.1155567862282151,30179620.89316464,3487460.0
867.0,BGR,296.883361021486,0.0033683261889763776,5682338623.450412,19139970.0
867.0,MMR,28.225086319264392,0.035429475349999996,3104758930.617357,109999980.0
867.0,BDI,283.3792601198141,0.00352883975904657,4657749039.996318,16436450.0
867.0,CMR,182.05333047186846,0.005492895941030442,21012173039.336365,115417680.00000001
867.0,CAN,141.6171530888246,0.007061291504516996,195924929471.47244,1383483040.0
867.0,CPV,242.80088940618532,0.004118601058034366,172391059.48728564,710010.0
867.0,CAF,269.6891900269721,0.0037079721285824927,27356297858.36005,101436390.0
867.0,LKA,103.8846002605383,0.009626065821999036,2025750743.9265,19500010.000000004
867.0,TCD,643.6664815772415,0.0015535996181587678,316738015540.4442,492084060.0
867.0,CHL,306.81044053969,0.0032593414951621793,64421463756.30155,209971550.00000003
867.0,CHN,357.4474608609748,0.0027976139418960343,2243908584379.399,6277589940.0
867.0,COL,395.3589462998329,0.002529347089167975,299973433163.57,758736929.9999999
867.0,COM,117.78339607309496,0.008490161035766127,144808796.3020666,1229450.0
867.0,COG,15381.334133791968,6.501386624213913e-05,84881277163.96562,5518460.0
867.0,COK,0.0,inf,0.0,6810.0
867.0,CRI,90.99706875430041,0.010989364972844152,8503684264.825561,93450089.99999999
867.0,CUB,277.20611102221625,0.00360742407991091,22620018659.412846,81600000.0
867.0,CYP,1.479517887582751,0.6758958498526899,8729066.765664976,5899940.0
867.0,AZE,93.07380036037189,0.010744162117890383,13499421212.054329,145039970.0
867.0,BEN,147.36818380432092,0.006785725210048219,5139017410.896927,34871960.0
867.0,DNK,25.717043137998942,0.03888471915818432,3166025952.230344,123110030.0
867.0,DMA,33.7250856342459,0.029651518482270572,18599047.47643027,551490.0
867.0,DOM,142.25959414468255,0.007029402874458985,8865185437.930416,62316960.0
867.0,BLR,64.74278420179907,0.015445736730800217,22543433574.499386,348199940.0
867.0,ECU,105.0543588256163,0.00951888156930202,23453236430.62931,223248580.00000003
867.0,EGY,5.998873508925694,0.16669796396141792,2513527940.2511306,418999990.0
867.0,SLV,185.17031323691302,0.0054004337008414895,3635030274.872397,19630739.999999996
867.0,GNQ,757.2476053233873,0.001320572020261383,36688646.47791812,48450.0
867.0,EST,136.72767970148075,0.0073138080173913034,1360430842.0921543,9949930.0
867.0,FRO,1490.2949839576402,0.0006710080962256153,95378878.97328897,64000.0
867.0,FJI,428.41519727279626,0.002334184236147074,1708922517.009348,3988940.0
867.0,FIN,53.89202854079192,0.018555619951159952,4648184767.041876,86249950.0
867.0,FRA,58.44005748600203,0.01711155058736085,83237336834.45667,1424319900.0
867.0,PYF,98.13882653987312,0.010189647005751664,20153789.418228343,205360.0
867.0,DJI,1819.0300285823987,0.0005497435359983129,11591095816.030762,6372130.000000001
867.0,GEO,485.2998870886055,0.0020605815632869107,9948618567.323189,20499940.000000004
867.0,GAB,8915.405227599915,0.00011216540072729891,7945409138.837043,891199.9999999999
867.0,GMB,491.21226907037317,0.0020357797696961347,1195306111.3104646,2433380.0
867.0,DEU,38.389347770470984,0.026048892676660638,41477001092.18258,1080429950.0
867.0,BIH,403.2437730671171,0.0024798895030514385,4982056654.055578,12354950.0
867.0,GHA,859.631169708116,0.0011632896005150041,25696963152.396408,29893010.0
867.0,GRC,218.87131252490798,0.004568894792396322,7233690312.808833,33049970.0
867.0,GRD,26.379136527829623,0.03790874651810585,5296930.614788188,200799.99999999997
867.0,GTM,73.28646339089651,0.013645084695466665,17343235698.538586,236649919.99999997
867.0,GIN,1193.677893295905,0.0008377469379439252,80408530248.19876,67362000.0
867.0,GUY,1296.632765008993,0.0007712283901703382,3401093675.2738886,2623020.0
867.0,HTI,121.51767641116942,0.008229255442775106,6071384021.000965,49962970.0
867.0,HND,240.92991161879712,0.004150584679507187,15901362120.34503,65999950.0
867.0,HKG,1.9174579002918242,0.5215238362457953,12093617.897509567,6307110.0
867.0,HUN,92.70996928126634,0.010786326516473859,2788713094.6814127,30079969.999999996
867.0,HRV,94.71311731428817,0.010558199628058727,4089710511.368617,43179980.0
867.0,ISL,1212.5944252347654,0.000824678045016077,6020422187.79234,4964910.000000001
867.0,IND,16.366153210764907,0.06110171322007701,14985504689.566313,915640010.0
867.0,IDN,183.39542649128933,0.005452698680288501,89460642995.62407,487801930.00000006
867.0,IRN,395.1071567558349,0.0025309589636665878,132887140735.2878,336331900.0
867.0,IRQ,481.9760681884173,0.0020747918122961105,16370162923.677769,33964679.99999999
867.0,IRL,43.52828544630935,0.02297356741132076,25877998368.988247,594509940.0000001
867.0,ISR,7.291054669134369,0.1371543686585366,1116150593.6506083,153084930.00000003
867.0,ITA,47.324851544586316,0.021130547003573096,35393783694.92918,747890010.0
867.0,CIV,3874.7907182019567,0.0002580784544833524,87926208506.73825,22691860.0
867.0,KAZ,2795.9950099795233,0.00035765442943595365,1108163292217.7292,396339509.99999994
867.0,JAM,336.71604052566926,0.0029698614845875327,2203803118.0801,6544990.0
867.0,JPN,18.91536372695811,0.05286707749504195,9034631998.426508,477634589.99999994
867.0,JOR,98.16599903776681,0.010186826495956874,4037558705.4834356,41129910.0
867.0,KGZ,409.9169502265478,0.0024395185401514443,46566122835.42958,113598920.0
867.0,KEN,481.5625759979233,0.0020765733257567596,120682923589.35701,250606940.0
867.0,KHM,243.09274116120318,0.00411365635692456,12749062014.312002,52445260.0
867.0,PRK,90.7105661470476,0.011024074068493149,1895184109.8121138,20892649.999999996
867.0,KOR,3.8241264180227548,0.26149763127262016,1162534086.9075398,303999910.0
867.0,KWT,37.69642011833355,0.026527717933450472,84391352.6831145,2238710.0
867.0,LVA,197.7974477666147,0.005055676962929879,3370462576.0196815,17039970.0
867.0,LAO,105.81523626666029,0.009450434883308717,4228860416.8454847,39964570.00000001
867.0,LBN,66.315273790758,0.015079482339999999,3018005457.606445,45509960.0
867.0,LSO,3218.8285141196757,0.0003106720335095242,3329169955.5836983,1034280.0
867.0,LBR,4971.08084105759,0.0002011634958218164,5830531007.668036,1172890.0
867.0,LBY,3716.07849218167,0.000269100882046469,21776219964.184586,5860000.0
867.0,LTU,96.6272102941773,0.010349051752146666,4400394460.347907,45539909.99999999
867.0,MAC,0.0,inf,0.0,754550.0000000001
867.0,MDG,9015.539500540743,0.00011091959609738508,241494838986.6296,26786510.0
867.0,MWI,221.9736967897417,0.004505038274634952,13706416291.214195,61747930.0
867.0,MYS,94.43903689950953,0.010588841572622958,2943085868.861518,31163870.0
867.0,MLI,4235.527357189275,0.00023609810908259768,236078426110.98795,55737670.00000001
867.0,MLT,0.0,inf,0.0,1049940.0
867.0,MRT,5325.537577726652,0.00018777447072805686,164371598973.64178,30864790.0
867.0,MUS,79.16357488990582,0.012632072280600235,144313613.7528005,1822980.0
867.0,MEX,295.98645509529746,0.003378532979416353,630625961913.2275,2130590610.0000002
867.0,MNG,3562.3119716085234,0.00028071657057830924,394064660209.08124,110620480.0
867.0,MAR,442.1257249345843,0.0022618000799387037,124679436746.52377,281999960.0
867.0,MOZ,18331.012858229467,5.4552359312271345e-05,325943006391.6638,17780960.0
867.0,FSM,124.52995156373315,0.008030196651029855,31192262.26768388,250480.0
867.0,MDA,349.44551377084264,0.00286167645768025,794625120.4943453,2273960.0
867.0,NAM,11345.959079370466,8.813710617185527e-05,277643674303.14166,24470710.0
867.0,NLD,11.673159111920445,0.08566661264634146,5015255730.650726,429639970.0
867.0,NCL,563.163665265674,0.0017756827396317326,1732291434.3572133,3076000.0
867.0,MKD,486.0706644828898,0.002057314034912718,2048262894.4777386,4213919.999999999
867.0,VUT,199.51910173952575,0.005012051434080283,425562272.86430407,2132940.0
867.0,NZL,58.47156676154957,0.017102329480550058,44114630165.32497,754462940.0
867.0,NIC,157.8735667610815,0.006334182602673147,26422943653.276997,167367750.0
867.0,NER,2479.8168769574854,0.0004032555828182406,167215415912.52557,67430550.0
867.0,NGA,491.3360442782163,0.0020352669250411344,158623478831.149,322841120.00000006
867.0,NIU,3313.6788483332025,0.0003017793955811394,6395400.177283081,1930.0
867.0,NOR,44.67844414482915,0.022382158088549618,3919907081.9218473,87735980.0
867.0,PAK,11.550278701634483,0.086577997452,12428098843.433622,1075999910.0000002
867.0,PAN,188.15737487863277,0.00531469999857848,14379357258.253626,76421970.0
867.0,CZE,61.98814838108542,0.016132115995017075,4619355577.595519,74519980.00000001
867.0,PNG,800.0981124916234,0.0012498467180304333,2215487675.451555,2769019.9999999995
867.0,PRY,307.88752197841643,0.0032479393564709066,160956210268.66385,522776010.0
867.0,PER,676.5077327495713,0.0014781797037790529,128484310476.22359,189922900.00000003
867.0,PHL,75.25696754335203,0.013287806201119473,8884290470.014101,118052730.0
867.0,POL,31.003908595083693,0.03225399781234584,17213990440.201454,555220010.0
867.0,PRT,130.44874924765827,0.007665845826558979,13436225085.971277,103000029.99999999
867.0,GNB,239.05479035327636,0.004183141440178609,1797957374.2739303,7521110.0
867.0,TLS,664.9036964429787,0.0015039772005324666,813948509.0376368,1224160.0
867.0,PRI,104.60284523222579,0.009559969404081969,482081040.7648544,4608680.0
867.0,ERI,1968.3070042258119,0.0005080508263462319,47396261852.726326,24079710.0
867.0,QAT,66.59761612714233,0.01501555248,96585190.71687199,1450280.0000000002
867.0,ZWE,181.14162737357543,0.005520542210530444,126799139161.50279,700000000.0
867.0,ROU,209.31286589472174,0.0047775371844699255,17314360266.811382,82720000.0
867.0,RWA,72.92667641582993,0.013712403322728878,2851619010.88381,39102549.99999999
867.0,RUS,497.4610929461814,0.002010207459798643,832523997382.6554,1673545950.0
867.0,KNA,168.61510791366905,0.0059306666666666666,7365107.913669065,43680.0
867.0,LCA,12.309603517506462,0.08123738498789346,5073649.2818106385,412170.0
867.0,VCT,103.09923100026465,0.009699393393122719,15361785.419039434,149000.0
867.0,STP,40.80418848452841,0.02450728802949155,13448244.440730873,329580.0
867.0,SAU,6920.752332993961,0.00014449296144186592,276829678074.61847,39999940.0
867.0,SEN,414.37724190130706,0.0024132599449999998,36361607120.61212,87750010.00000001
867.0,SYC,0.0,inf,0.0,30000.0
867.0,SLE,1300.6990545616604,0.0007688173497881131,14641995271.181702,11257020.0
867.0,SVN,70.81949436576161,0.014120405814185817,2658558152.9311423,37539920.00000001
867.0,SVK,149.7886389477685,0.006676073746478873,1786966479.5557623,11929920.0
867.0,SGP,12.400873927820035,0.0806394779771615,452135.8634083185,36460.0
867.0,SOM,3396.31322175391,0.00029443691871375283,184183356614.73883,54230380.00000001
867.0,ZAF,664.2737787912844,0.0015054033922874458,699586572871.8291,1053160000.0
867.0,ESP,103.95024625684492,0.00961998683032607,74623800703.8589,717879980.0
867.0,SUR,117.42932627470651,0.00851576034474272,213838803.14624056,1821000.0
867.0,TJK,81.33973302223649,0.012294114608497941,21961727916.003853,270000000.0
867.0,SWZ,552.6048208265051,0.001809611429926266,8320283432.677859,15056480.000000002
867.0,SWE,69.2144052450083,0.014447859465961667,9507982156.36274,137369990.00000003
867.0,CHE,47.05128988471817,0.02125340245613098,6778014969.478176,144055880.00000003
867.0,SYR,371.1969640230265,0.0026939875508733063,23401778519.564087,63044100.0
867.0,TKM,1154.5987220839315,0.0008661017727397993,200134286126.29694,173336660.0
867.0,TWN,37.048742039756085,0.026991469748876354,281422244.5339872,7596000.0
867.0,TZA,378.42882196114465,0.0026425048568385085,192376168650.9048,508354959.99999994
867.0,THA,170.40663164325744,0.00586831621725543,23329620445.03283,136905590.0
867.0,TGO,968.6299456990807,0.0010323860050375365,6661994609.031853,6877750.0
867.0,TON,137.39980911286145,0.0072780304896827835,48338626.84399579,351810.0
867.0,TTO,74.61057552757796,0.013402925696912425,86657199.0522607,1161460.0
867.0,OMN,269.02857166310656,0.003717077311967663,4094647144.141082,15220120.0
867.0,TUN,357.3342823538071,0.002798500030315789,17830980689.454975,49900000.0
867.0,TUR,61.094797401767295,0.0163680058291031,89242348472.4554,1460719280.0
867.0,ARE,49.940657181759484,0.020023765333333336,992649467.7258167,19876579.999999996
867.0,UGA,182.5384030393734,0.005478299269355943,41618748591.44102,227999960.0
867.0,GBR,81.18643745881292,0.012317328254578418,73571152872.63376,906200040.0
867.0,UKR,148.71237190361816,0.006724390090745839,46175172143.465096,310499870.0
867.0,USA,173.8665249279677,0.0057515384310711706,2213955995009.9253,12733652989.999998
867.0,BFA,403.321106148621,0.002479414007238954,50916063082.414215,126242000.0
867.0,URY,189.70013367512487,0.005271477571610846,108607503725.95251,572522020.0
867.0,UZB,146.82488519899204,0.006810834543781172,149968196031.51663,1021408570.0
867.0,VEN,397.3793080010592,0.002516487345630323,148235380816.7328,373032460.0
867.0,VNM,17.719955241810673,0.056433551120968706,4702874880.779686,265399930.0
867.0,ETH,323.1400958377999,0.00309463298699382,133901018874.14137,414374510.0
867.0,WSM,43.13375955140244,0.023183696723868955,62107006.365277834,1439870.0
867.0,YEM,1228.590477327678,0.000813940868380416,102404920600.50182,83351550.0
867.0,COD,5748.9333381705255,0.00017394531144767603,121394476368.80882,21116000.0
867.0,ZMB,976.5696244127239,0.0010239925295663034,181773533131.96002,186134740.0
867.0,BEL,15.317661793928318,0.06528411538609531,3785300888.8688016,247120020.0
867.0,LUX,35.488878310549396,0.0281778418367971,375825091.9760195,10589940.0
867.0,SRB,50.79636617818662,0.01968644757957958,3544825429.6720767,69785020.0
867.0,MNE,272.9174168237973,0.0036641120659793814,941698817.5763444,3450490.0
867.0,SDN,1308.9418534940376,0.000763975876644665,493373523330.9113,376925470.00000006
867.0,SSD,1058.8249650440946,0.0009444431638975902,138961109590.10657,131240870.0
867.0,,78.43251617636423,0.012749814091790563,1433740121.1026444,18279920.000000004
882.0,ARM,3.4651336058141973,0.2885891609841784,2241941269.7051053,646999950.0
882.0,AFG,36.68236181312655,0.027261058191791684,68989318271.08186,1880721820.0
882.0,ALB,2.5862508295885203,0.38666009830110054,2289245525.6934915,885159900.0
882.0,DZA,20.108574037591058,0.04973003049000867,48447405647.258835,2409290960.0
882.0,AGO,92.96153563845087,0.010757137273304452,20381129702.981987,219242610.00000003
882.0,ATG,9.661951898478263,0.10349875579048348,23258733.7076118,2407250.0
882.0,ARG,6.535469500646959,0.15301119527847357,77771466449.51505,11899905040.000002
882.0,AUS,36.05493572180927,0.02773545368977346,326910102910.7434,9067000020.0
882.0,AUT,1.165913497244852,0.8576965635641761,4465611864.041722,3830139950.0
882.0,BHS,8.03459163430104,0.12446183272474354,5607341.501578697,697900.0
882.0,BHR,0.06610218813280969,15.128092249999998,661017.9151968088,9999939.999999998
882.0,BRB,2.2822895883886836,0.43815649209792384,9907373.457403507,4340980.0
882.0,BGD,0.8015868255670121,1.2475254933146362,8646316253.899235,10786499950.0
882.0,BTN,43.117392958438266,0.0231924968414468,2356537994.750485,54654000.0
882.0,BOL,28.57113303954422,0.03500036203030304,16002588473.658443,560096390.0
882.0,BWA,103.6563745510044,0.009647260039062501,2402295564.353021,23175570.0
882.0,BRA,4.590870578411591,0.21782360947016566,166366529496.71848,36238557950.0
882.0,BLZ,9.00169714587035,0.11109016264324816,51659839.75043537,5738900.000000001
882.0,SLB,3.4453424652149027,0.2902469087169902,10532825.357257783,3057120.0
882.0,BRN,0.24230511174568586,4.127028079579111,10065.35434191579,41540.0
882.0,BGR,8.312734108601607,0.1202973638920135,6947617412.051097,835780059.9999999
882.0,MMR,0.7903024169394028,1.265338405357143,632241878.2303531,799999930.0
882.0,BDI,7.934619283354795,0.12602999139452034,427001457.38754547,53814990.0
882.0,CMR,5.097493253212317,0.19617485503680152,937566641.5835819,183927000.00000003
882.0,CAN,3.965280286487089,0.2521889823041784,38888455317.88923,9807239970.0
882.0,CPV,6.7984249033731885,0.1470928949297988,31090080.878363036,4573130.000000001
882.0,CAF,7.551297320755219,0.1324275760208033,612357731.196869,81093050.0
882.0,LKA,2.9087688072950724,0.3437880650713942,1274418906.627878,438130009.99999994
882.0,TCD,18.022661484162764,0.055485700648527425,4447301144.543608,246761620.0
882.0,CHL,8.590692335111319,0.11640505339864927,20072513450.06567,2336542000.0
882.0,CHN,10.008528904107292,0.09991478363914409,368584094451.9858,36827000050.00001
882.0,COL,11.070050496395323,0.09033382461314193,77409209008.32414,6992669910.0
882.0,COM,3.2979350900466584,0.30322003699164746,42946865.019869104,13022350.0
882.0,COG,430.67735574617507,0.002321923794362112,1930373430.3783906,4482179.999999999
882.0,CRI,2.547917925120412,0.39247732045871964,3063732494.388735,1202445520.0
882.0,CUB,7.761771108622054,0.1288365742825325,2904454127.904684,374199920.0
882.0,CYP,0.04142650085231703,24.139137494738925,12350895.721314773,298139970.0
882.0,AZE,2.606066410090413,0.3837200756389423,5701504922.193783,2187781900.0
882.0,BEN,4.126309146520985,0.24234732893029357,432839101.0662704,104897400.00000001
882.0,DNK,0.7200772078639703,1.3887399699351544,4064115732.3811603,5643999960.0
882.0,DMA,0.9443023977588851,1.0589828029382347,6611608.782100655,7001580.0
882.0,DOM,3.9832686360511107,0.2510501026592495,3431844364.427139,861564880.0
882.0,BLR,1.8127979576503743,0.5516334546714362,14159764919.718992,7811000040.0
882.0,ECU,2.9415220471172563,0.3399600560465007,6309564761.651294,2144999989.9999998
882.0,EGY,0.1679684582499194,5.953498712907783,805240785.4907444,4793999979.999999
882.0,SLV,5.184768770633564,0.19287263217291037,2175269634.0239363,419549980.0
882.0,EST,3.82837503164146,0.2612074291925466,3210857985.9026914,838699960.0
882.0,FRO,41.728259550813924,0.023964574865200546,323935644.3277775,7762980.000000001
882.0,FJI,11.995625523638294,0.08336372271953837,136737175.69391102,11398920.0
882.0,FIN,1.5089767991421739,0.6627007125414268,3493055018.943101,2314850050.0
882.0,FRA,1.6363216096080568,0.611126806691459,40516337589.656654,24760620009.999996
882.0,PYF,2.747887143116447,0.36391596449113084,2154618.3089176062,784100.0
882.0,DJI,50.93284080030717,0.01963369771422546,459408621.4062826,9019890.0
882.0,GEO,13.588396838480952,0.07359219868881825,8079917309.093084,594618880.0
882.0,GAB,249.63134637279762,0.004005907168832104,2662899950.102936,10667330.000000002
882.0,GMB,13.753943533970448,0.07270642034629053,674688009.2069163,49054149.99999999
882.0,DEU,1.0749017375731877,0.9303175955950226,34941734031.386215,32506909990.0
882.0,BIH,11.290825645879277,0.0885674822518371,6091513005.48356,539509970.0
882.0,GHA,24.069672751827245,0.041546057161250156,1181029521.2746375,49067119.99999999
882.0,GRC,6.128396750697422,0.1631748140141544,4356861285.82522,710930029.9999999
882.0,GRD,0.7386158227792293,1.3538838042180663,467698.9251420357,633209.9999999999
882.0,GTM,2.0520209749451026,0.4873244534095237,1204423307.497685,586944930.0
882.0,GIN,33.422981012285334,0.029919533497997336,7375450222.670436,220670030.00000003
882.0,GUY,36.305717420251796,0.02754387107751208,1996811553.6564555,54999920.00000001
882.0,HTI,3.4024949395127435,0.29390198009911095,161474516.04101512,47457679.99999999
882.0,HND,6.74603752532632,0.1482351671252567,4683474262.307564,694255590.0
882.0,HKG,0.05368882120817108,18.62585129449269,3217.571055005693,59930.0
882.0,HUN,2.595879139875457,0.3852259470169236,5400025741.019497,2080230030.0000002
882.0,HRV,2.651967284800069,0.37707855814495456,1479797718.3987656,557999990.0
882.0,ISL,33.95264390657343,0.029452787322002755,5204734557.855633,153293940.0
882.0,IND,0.4582522899014174,2.182204043574179,53083780291.35583,115839640000.0
882.0,IDN,5.1350719417561015,0.19473923858173214,4859770413.463954,946387990.0
882.0,IRN,11.063000389163378,0.09039139155952099,88028294096.573,7957000000.0
882.0,IRQ,13.495329909275686,0.07409970758200393,3078378679.8019524,228106960.0
882.0,IRL,1.2187919924966615,0.8204845504043129,11017867326.746536,9039989920.0
882.0,ISR,0.20414953073576236,4.89837030923345,332809046.0876394,1630221949.9999998
882.0,ITA,1.325095843248417,0.7546623929847535,17494511655.447937,13202450030.0
882.0,CIV,108.4941401096548,0.009217087660119729,3879704882.782409,35759580.0
882.0,KAZ,78.28786027942665,0.012773372479855487,254046912443.65192,3245035840.0
882.0,JAM,9.42804913471874,0.10606648159241189,111250319.8262417,11799930.0
882.0,JPN,0.5296301843548271,1.8881099105372128,4020984704.1372056,7592061070.0
882.0,JOR,2.748647973057471,0.3638152319984598,849529988.89642,309071950.0
882.0,KGZ,11.477674606343335,0.08712566214826588,19500132660.212048,1698961970.0
882.0,KEN,13.483752127941852,0.07416333306274142,64453548574.41603,4780089989.999999
882.0,KHM,6.806596752513687,0.14691629846159146,162628246.49265385,23892739.999999996
882.0,PRK,2.5398958521173323,0.39371693101761257,214612335.2673907,84496510.0
882.0,KOR,0.10707553970463712,9.339201116879291,217832763.69572312,2034383990.0000002
882.0,KWT,1.0554997633133394,0.947418497623231,71738371.34329289,67966260.0
882.0,LVA,5.538328537465211,0.18055989153320998,5484661912.404032,990309960.0
882.0,LAO,2.962826615466488,0.33751553154673986,25621694.97910186,8647720.0
882.0,LBN,1.8568276661412237,0.5385529407142857,626432843.4499828,337367250.0
882.0,LSO,90.12719839535093,0.011095429768197293,15722177837.58208,174444319.99999997
882.0,LBR,139.1902635496125,0.007184410565064872,1166091487.1343176,8377680.0
882.0,LBY,104.05019778108674,0.009610745787373896,14119176909.066746,135695820.0
882.0,LTU,2.705561888236964,0.3696089911480953,3986050218.701754,1473280000.0
882.0,MDG,252.4351060151408,0.003961414146335181,104599596177.8797,414362320.0
882.0,MWI,6.215263510112768,0.16089422409410542,413225399.3226833,66485580.0
882.0,MYS,2.644293033186267,0.3781729133079628,102410481.1241766,38728870.0
882.0,MLI,118.59476600129967,0.008432075324378488,34805306962.98446,293480970.00000006
882.0,MLT,0.0,inf,0.0,39539950.0
882.0,MRT,149.11505217634624,0.006706231097430602,22310872951.772495,149621870.0
882.0,MUS,2.2165800969173626,0.45114543859286554,5767364.0857712235,2601919.9999999995
882.0,MEX,8.287620742668329,0.12066189212201262,109726259692.76208,13239778110.0
882.0,MNG,99.74473520503865,0.010025591806368188,49839305215.14091,499668529.99999994
882.0,MAR,12.379520298168362,0.08077857428352511,31877264767.78353,2575000000.0
882.0,MOZ,513.268360030425,0.0019482985468668337,1693729128.5807993,3299890.0
882.0,MDA,9.784474385583593,0.1022027306314375,2592376038.908907,264947909.99999997
882.0,NAM,317.6868542223731,0.003147753791851974,32545528263.735817,102445310.0
882.0,NPL,1.6734706890783746,0.597560510934749,1774693726.5668821,1060486889.9999999
882.0,NLD,0.3268484551337725,3.0595218802264808,4646886198.750627,14217250000.0
882.0,NCL,15.768582627438871,0.06341724070113332,7663373.471109017,485990.0
882.0,MKD,13.609978605520912,0.0734755012468828,4577294666.82976,336319020.0
882.0,VUT,5.586534848706721,0.1790018369314387,12757522.711203642,2283620.0
882.0,NZL,1.6372038693233877,0.6107974814482163,35832459521.782646,21886376030.0
882.0,NIC,4.420459869310282,0.2262208072383267,6321431160.368173,1430039260.0000002
882.0,NER,69.43487255480959,0.014401985100651452,53961047353.45457,777146200.0000001
882.0,NGA,13.757409239790055,0.0726881044657548,7211523176.353567,524191950.0
882.0,NIU,92.78300775332966,0.010777835556469266,5417599.822716919,58390.0
882.0,NOR,1.2509964360552162,0.799362788876772,1967129233.2853453,1572449910.0
882.0,PAK,0.32340780364576543,3.092071337571429,7176144250.096046,22189149950.0
882.0,PAN,5.268406496601717,0.18981071423494572,956336741.7463735,181522960.0
882.0,CZE,1.7356681546703916,0.5761469998220385,5744905416.538439,3309910020.0
882.0,PNG,22.402747149765457,0.04463738278680119,3667777.7633596007,163720.0
882.0,PRY,8.62085061539566,0.11599783415967524,4627741835.774832,536808030.0
882.0,PER,18.942216516987997,0.05279213227782331,41387501616.74825,2184934460.0
882.0,PHL,2.1071950912138564,0.47456450718283844,57081828.89784307,27089010.000000004
882.0,POL,0.8681094406623435,1.1519284932980658,12918432009.086052,14881109920.0
882.0,PRT,3.652564978934431,0.27378020809139214,7288875970.661305,1995549980.0000002
882.0,GNB,6.693534129891738,0.1493979085778075,119098119.70850499,17793010.0
882.0,PRI,2.9288796665023225,0.34142747871721313,682344112.6511025,232971030.0
882.0,ERI,55.11259611832271,0.01814467236950829,6613507676.3169985,119999930.00000001
882.0,QAT,1.864733251559985,0.5362697314285715,13985331.560707249,7499910.000000001
882.0,ZWE,5.071965566460111,0.1971622218046587,2160577853.611581,425984329.99999994
882.0,ROU,5.86076024505221,0.17062632801678304,21315585069.862488,3637000010.0
882.0,RWA,2.0419469396432377,0.48972869009746,383437980.65543216,187780580.0
882.0,RUS,13.928910602493078,0.07179312356423725,446819770995.1639,32078587029.999996
882.0,LCA,0.3446688984901809,2.9013351781390524,354622.93627857737,1028880.0000000001
882.0,VCT,2.8867784680074107,0.34640690689723996,2249608.724548815,779280.0
882.0,STP,1.1425172775667956,0.8752602867675553,619541.4189333705,542260.0
882.0,SAU,193.78106532383092,0.005160462908638069,503830754339.47516,2599999920.0
882.0,SEN,11.602562773236595,0.08618785517857144,2578346677.0298543,222222170.0
882.0,SYC,0.0,inf,0.0,164460.0
882.0,SLE,36.4195735277265,0.027457762492432605,5955812315.190285,163533280.0
882.0,SVN,1.9829458422413253,0.5043002076494935,1268946473.337116,639929970.0
882.0,SVK,4.194081890537517,0.23843120523138833,3785745909.911509,902639960.0
882.0,SOM,95.09677020910948,0.010515604239776887,42479365884.68241,446696200.0
882.0,ZAF,18.599665806155965,0.05376440686740878,71143721894.54323,3825000010.0
882.0,ESP,2.9106068951916577,0.3435709582259311,22187818287.560505,7623089990.0
882.0,SUR,3.288021135691783,0.30413429802652564,8223044.938462938,2500910.0000000005
882.0,TJK,2.277512524622622,0.4390755217320693,2374534558.1715455,1042600000.0
882.0,SWZ,15.472934983142142,0.0646289796402238,582776646.1681613,37664260.0
882.0,SWE,1.9380033468602318,0.5159949809272025,5391951652.321441,2782219990.0
882.0,CHE,1.3174361167721087,0.7590500877189637,5021407732.72817,3811499980.0
882.0,SYR,10.393514992644741,0.09621384110261809,12846103282.393202,1235972940.0000002
882.0,TKM,32.32876421835009,0.030932206169278543,79533477390.41595,2460145920.0
882.0,TWN,1.0373647771131704,0.9639810624598698,465998739.4915247,449213960.00000006
882.0,TZA,10.59600701491205,0.09437517345851816,32862285772.255436,3101383920.0
882.0,THA,4.771385686011208,0.2095827220448368,6183715562.787385,1295999940.0
882.0,TGO,27.121638479574255,0.0368709287513406,322203166.6226486,11879930.0
882.0,TON,3.8471946551601204,0.2599296603458137,1244875.2465167118,323580.0
882.0,TTO,2.0890961147721825,0.4786759177468724,3568029.927302853,1707929.9999999998
882.0,OMN,7.532800006566984,0.13275276114170226,1654052074.7859783,219579980.0
882.0,TUN,10.005359905906596,0.09994642965413536,14057530467.69157,1404999980.0
882.0,TUR,1.7106543272494845,0.5845716367536821,36556882076.37863,21370116390.0
882.0,ARE,1.3983384010892657,0.7151344761904762,81103627.26317741,58000000.0
882.0,UGA,5.111075285102456,0.1956535453341408,14792985044.339779,2894299970.0
882.0,GBR,2.2732202488467617,0.4399045805206578,36122833527.19894,15890599930.000002
882.0,UKR,4.163946413301309,0.24015678895520856,35462249670.52006,8516500010.0
882.0,USA,4.868262697983096,0.20541208682397039,499580888966.5828,102619952940.00002
882.0,BFA,11.292990972161386,0.08855050025853409,2492543230.762024,220715950.0
882.0,URY,5.311603742903496,0.18826705612895878,12440944040.65909,2342219910.0
882.0,UZB,4.111096785571777,0.24324409084932758,46220012254.94962,11242744860.0
882.0,VEN,11.126620624029657,0.08987454805822583,27195425988.8631,2444176620.0
882.0,VNM,0.4961587467706989,2.0154839686060253,547223419.8731016,1102920030.0
882.0,ETH,9.047922683458399,0.1105226066783507,34979738590.95821,3866051890.0
882.0,WSM,1.2077452674392684,0.8279891687096056,1984711.9528882983,1643320.0
882.0,YEM,34.40053336517498,0.029069316727872007,8893960680.957716,258541360.00000003
882.0,COD,160.97013346877472,0.006212332551702716,1430958488.782685,8889590.0
882.0,ZMB,27.34394948355627,0.036571161770225125,12633944825.241352,462038040.00000006
882.0,BEL,0.42889453022999285,2.331575549503404,1903433920.871763,4437999990.0
882.0,LUX,0.9936885926953831,1.006351494171325,440482209.81180793,443279930.0
882.0,SRB,1.4222982529892254,0.7030874135564135,2158602117.940241,1517685980.0000002
882.0,MNE,7.641687671066325,0.13086114521354933,1218848572.2000651,159499920.0
882.0,SDN,36.65037189783305,0.027284852737309465,107416844731.30159,2930852790.0
882.0,SSD,29.647099021234645,0.03373011299634251,90640369936.84297,3057309920.0
882.0,,2.196110452938198,0.45535050327823445,377539804.5293373,171912940.0
947.0,ARG,233.40962502310572,0.004284313467797259,11668147.154905055,49990.0
947.0,AUS,1287.6762757789027,0.000776592703313657,151817032.9143326,117899.99999999999
947.0,AUT,41.63976775874471,0.024015503779796932,45651342.98462217,1096340.0
947.0,BGD,28.628100913107577,0.03493071381280981,198327180.9767445,6927710.0
947.0,BTN,1539.9068913727951,0.0006493899115605105,247925009.51102,161000.0
947.0,BRA,163.95966351469968,0.006099061065164638,228431882.4019499,1393220.0
947.0,BRN,8.653753990917354,0.11555678622821511,6916426.339700785,799240.0
947.0,MMR,28.225086319264392,0.035429475349999996,778876055.2447752,27595170.0
947.0,LKA,103.8846002605383,0.009626065821999036,868475258.1781002,8360000.0
947.0,CHN,357.44746086097473,0.0027976139418960343,249323178425.1385,697510000.0
947.0,COL,395.3589462998329,0.0025293470891679746,3267724716.5468416,8265209.999999999
947.0,DNK,25.717043137998942,0.03888471915818432,18032276.307502102,701180.0000000001
947.0,EGY,5.998873508925694,0.16669796396141792,1217771322.3119159,203000000.0
947.0,FRA,58.44005748600203,0.01711155058736085,211921764.86206406,3626310.0000000005
947.0,DJI,1819.0300285823987,0.0005497435359983129,7203358.913186299,3960.0
947.0,DEU,38.38934777047098,0.02604889267666064,136983174.07546076,3568259.9999999995
947.0,HUN,92.70996928126634,0.010786326516473857,1970086.8472269098,21250.0
947.0,HRV,94.71311731428818,0.010558199628058727,194831512.2337028,2057070.0000000002
947.0,IND,16.366153210764907,0.061101713220077014,68656012882.82033,4195000010.0000005
947.0,IDN,183.39542649128933,0.005452698680288501,3473692773.171511,18941000.0
947.0,IRN,395.107156755835,0.0025309589636665873,2623906628.0155,6641000.0
947.0,IRQ,481.97606818841734,0.00207479181229611,3088806289.874337,6408630.0
947.0,IRL,43.52828544630935,0.02297356741132076,1176740621.7755456,27033930.0
947.0,KEN,481.5625759979233,0.0020765733257567596,71247183.11889276,147950.0
947.0,KHM,243.09274116120318,0.00411365635692456,2100938739.195345,8642540.0
947.0,LAO,105.81523626666029,0.009450434883308717,2335508394.3261313,22071570.0
947.0,LTU,96.62721029417729,0.010349051752146668,161593548.86336446,1672340.0
947.0,MYS,94.43903689950953,0.010588841572622958,532316019.7781445,5636610.000000001
947.0,NPL,59.76681032422766,0.01673169430617297,11246440232.330568,188172000.0
947.0,NLD,11.673159111920446,0.08566661264634146,47605827.68500732,4078230.0
947.0,NZL,58.47156676154957,0.017102329480550058,1172354.9135690688,20050.0
947.0,PAK,11.550278701634483,0.086577997452,13294370785.58129,1151000000.0
947.0,PRY,307.88752197841643,0.0032479393564709066,34160120.5635053,110949.99999999999
947.0,PHL,75.25696754335202,0.013287806201119474,4867050965.459705,64672430.0
947.0,POL,31.003908595083704,0.032253997812345836,134636953.3868386,4342580.0
947.0,TLS,664.9036964429788,0.0015039772005324664,434627599.25388193,653670.0
947.0,ZAF,664.2737787912845,0.0015054033922874458,1310977516.1335394,1973550.0
947.0,ESP,103.9502462568449,0.009619986830326072,424964199.2349205,4088150.0
947.0,SYR,371.1969640230265,0.0026939875508733063,166667436.8463389,449000.0
947.0,TWN,37.04874203975609,0.02699146974887635,17724118.191819314,478400.0
947.0,THA,170.4066316432574,0.005868316217255431,4104838442.2722893,24088489.999999996
947.0,TTO,74.61057552757795,0.013402925696912427,596884.6042206236,8000.0
947.0,TUR,61.094797401767295,0.0163680058291031,661727525.8261259,10831160.0
947.0,UKR,148.71237190361816,0.006724390090745839,99528729.14393453,669270.0
947.0,USA,173.8665249279677,0.0057515384310711706,13970175.277962206,80350.0
947.0,VEN,397.3793080010592,0.002516487345630323,7079805122.380791,17816240.0
947.0,VNM,17.71995524181067,0.05643355112096871,1167745050.4353232,65900000.0
947.0,ZMB,976.569624412724,0.0010239925295663034,12392668.533797467,12690.0
951.0,AUT,,,0.0,0.0
951.0,BGD,0.8015868255670122,1.247525493314636,240175452.61051604,299625000.0
951.0,BRN,0.24230511174568592,4.1270280795791106,33324.222018384186,137530.0
951.0,BGR,8.31273410860161,0.12029736389201347,137825131.52061468,16580000.0
951.0,MMR,0.790302416939403,1.2653384053571428,79030241.6939403,100000000.0
951.0,LKA,2.9087688072950724,0.3437880650713942,263447190.8767147,90570000.0
951.0,CHN,10.008528904107294,0.09991478363914408,31102579586.455894,3107607510.0
951.0,CYP,,,0.0,0.0
951.0,DNK,,,0.0,0.0
951.0,EGY,0.16796845824991943,5.953498712907783,224573828.68014228,1337000000.0
951.0,EST,,,0.0,0.0
951.0,FIN,,,0.0,0.0
951.0,FRA,,,0.0,0.0
951.0,GRC,,,0.0,0.0
951.0,IND,0.4582522899014174,2.182204043574179,45654007604.54298,99626360000.0
951.0,IDN,5.135071941756101,0.19473923858173217,459316112.4149055,89446870.0
951.0,IRN,11.06300038916338,0.09039139155952099,1339942088.6251688,121119230.0
951.0,IRQ,13.495329909275686,0.07409970758200393,531622745.6957889,39393090.0
951.0,IRL,,,0.0,0.0
951.0,ITA,1.325095843248417,0.7546623929847535,341159175.8027374,257460000.0
951.0,LVA,,,0.0,0.0
951.0,LTU,,,0.0,0.0
951.0,MYS,2.6442930331862664,0.3781729133079628,15202781.049837139,5749280.0
951.0,MLT,,,0.0,0.0
951.0,MNG,99.74473520503865,0.010025591806368186,8586187395.473408,86081610.0
951.0,NPL,1.6734706890783746,0.597560510934749,2375344377.726114,1419412000.0
951.0,NLD,0.32684845513377236,3.0595218802264816,911907.1898232249,2790000.0
951.0,PAK,0.3234078036457655,3.0920713375714284,11786548892.699377,36444850000.0
951.0,CZE,,,0.0,0.0
951.0,POL,,,0.0,0.0
951.0,PRT,,,0.0,0.0
951.0,ROU,5.860760245052209,0.17062632801678307,89083555.72479357,15200000.0
951.0,SVN,,,0.0,0.0
951.0,SVK,,,0.0,0.0
951.0,ESP,,,0.0,0.0
951.0,SWE,,,0.0,0.0
951.0,SYR,10.393514992644741,0.0962138411026181,69366319.060911,6674000.0
951.0,TUR,1.7106543272494845,0.5845716367536821,108870916.75098985,63642850.0
951.0,VNM,0.49615874677069877,2.0154839686060257,13146772.89064535,26497110.0
951.0,BEL,,,0.0,0.0
951.0,LUX,,,0.0,0.0
977.0,ARM,74.25286298173279,0.013467494179261661,801930177.6740843,10799990.0
977.0,AFG,786.0506102812833,0.0012721827156169452,82535306219.02864,104999990.0
977.0,ALB,55.419660634039715,0.018044137920718024,871474163.4702746,15725000.0
977.0,DZA,430.89801509123697,0.002320734756200404,147494236075.65497,342295000.0
977.0,AGO,1992.032906538233,0.0005019997394208744,9249227908.676737,4643110.000000001
977.0,ATG,207.04182639596277,0.004829941936889229,828167.3055838511,4000.0
977.0,ARG,140.04577501386342,0.0071405224463287655,6219973445.057227,44413859.99999999
977.0,AUS,772.6057654673417,0.001294321172189428,512216777601.2952,662973020.0
977.0,AUT,24.983860655246822,0.04002583963299489,168638810.87545708,6749910.0
977.0,BHS,172.16982073502234,0.005808218860488031,5144434.243562467,29880.0
977.0,BHR,1.4164754599887788,0.7059776383333333,37000676.19941588,26121649.999999996
977.0,BRB,48.90620546547179,0.020447302964569775,3178903.3552556667,65000.0
977.0,BGD,17.176860547864546,0.05821785635468301,102370481.72455765,5959790.0
977.0,BTN,923.944134823677,0.0010823165192675175,20687109.178702127,22390.0
977.0,BOL,612.2385651330903,0.0016333502280808086,18596244380.29421,30374180.0
977.0,BWA,2221.208026092952,0.0004502054684895833,1956973119.3089347,881040.0000000001
977.0,BRA,98.37579810881982,0.010165101775274396,10039914233.642298,102056750.0
977.0,BLZ,192.8935102686504,0.005184207590018247,23918795.27331265,124000.0
977.0,BRN,5.192252394550412,0.19259464371369184,172953.92726247423,33310.0
977.0,BGR,178.1300166128916,0.005613876981627295,1547940937.8651972,8689949.999999998
977.0,MMR,16.935051791558635,0.059049125583333334,33869426.18104561,1999960.0
977.0,BDI,170.02755607188845,0.005881399598410949,59589557.57651475,350470.0
977.0,CMR,109.23199828312107,0.00915482656838407,1787226647.9088562,16361750.0
977.0,CAN,84.97029185329475,0.011768819174194995,1431743469.8075871,16849930.000000004
977.0,CPV,145.6805336437112,0.006864335096723945,12454228.821200868,85490.0
977.0,CAF,161.81351401618326,0.006179953547637488,403613066.14570606,2494310.0
977.0,TCD,386.1998889463449,0.00258933269693128,79586524452.50809,206075990.0
977.0,CHL,184.086264323814,0.005432235825270299,1511346389.2358696,8209990.0
977.0,CHN,214.46847651658484,0.004662689903160057,562293436718.3887,2621799929.9999995
977.0,COL,237.2153677798998,0.004215578481946624,135687190.37010267,572000.0
977.0,COM,70.67003764385696,0.01415026839294355,6867007.55785358,97170.0
977.0,COG,9228.80048027518,0.00010835644373689855,4136071511.244928,448170.0
977.0,CRI,54.59824125258026,0.018315608288073583,829893.26703922,15200.0
977.0,CUB,166.32366661332972,0.006012373466518184,2711075765.7972746,16300000.0
977.0,CYP,0.8877107325496506,1.1264930830878164,2325739.979528806,2619930.0
977.0,AZE,55.84428021622313,0.01790693686315064,4894583628.111309,87647000.0
977.0,BEN,88.42091028259254,0.01130954201674703,2249159158.0218954,25436960.0
977.0,DNK,15.430225882799363,0.06480786526364053,20058059.22956855,1299920.0
977.0,DMA,20.235051380547542,0.04941919747045095,531372.4492531784,26260.0
977.0,DOM,85.3557564868095,0.011715671457431645,76089535.56260146,891440.0
977.0,BLR,38.84567052107945,0.025742894551333693,46614804.62529534,1200000.0
977.0,ECU,63.03261529536978,0.015864802615503364,411687441.5832605,6531340.0
977.0,EGY,3.5993241053554166,0.27782993993569655,194363429.70271036,53999979.99999999
977.0,SLV,111.10218794214781,0.009000722834735816,4151888.7633980634,37370.0
977.0,GNQ,454.34856319403235,0.002200953367102305,48238186.95431042,106170.0
977.0,EST,82.03660782088843,0.012189680028985508,27890805.92694565,339980.0
977.0,FRO,894.1769903745841,0.0011183468270426922,540762476.6989335,604760.0
977.0,FJI,257.04911836367774,0.0038903070602451235,37529171.28109695,146000.0
977.0,FIN,32.33521712447515,0.030926033251933254,42681839.899964705,1319980.0
977.0,FRA,35.06403449160122,0.028519250978934752,2867887381.068064,81790000.00000001
977.0,PYF,58.88329592392387,0.016982745009586107,178416.38664948932,3030.0
977.0,DJI,1091.4180171494393,0.0009162392266638548,2445966004.0534368,2241090.0
977.0,GEO,291.1799322531632,0.0034343026054781856,1281185878.315273,4399980.0
977.0,GAB,5349.24313655995,0.00018694233454549816,4506576865.257661,842470.0
977.0,GMB,294.7273614422239,0.003392966282826891,179191288.4832577,607990.0
977.0,DEU,23.033608662282592,0.043414821127767726,768400724.3015741,33359980.000000004
977.0,BIH,241.94626384027026,0.004133149171752397,322272423.43524,1332000.0
977.0,GHA,515.7787018248696,0.0019388160008583402,13218376570.367758,25628000.0
977.0,GRC,131.3227875149448,0.00761482465399387,8375760821.563803,63779950.0
977.0,GRD,15.827481916697772,0.06318124419684308,4068612.5015063295,257060.0
977.0,GTM,43.97187803453791,0.022741807825777775,88379957.09917842,2009919.9999999998
977.0,GIN,716.206735977543,0.0013962448965732087,8285079521.788218,11568000.0
977.0,GUY,777.9796590053957,0.001285380650283897,437216788.56444234,561990.0
977.0,HTI,72.91060584670166,0.01371542573795851,127046730.68787763,1742500.0
977.0,HND,144.55794697127828,0.006917641132511978,14519400.193795191,100440.0
977.0,HKG,1.1504747401750945,0.8692063937429924,287.6186850437736,250.0
977.0,HUN,55.625981568759805,0.017977210860789763,70639990.25398375,1269909.9999999998
977.0,HRV,56.8278703885729,0.017596999380097882,318800374.92896676,5609930.0
977.0,ISL,727.5566551408591,0.0013744634083601287,6830265500.629627,9387949.999999998
977.0,IND,9.819691926458944,0.10183618870012837,9427885629.411716,960099940.0
977.0,IDN,110.0372558947736,0.009087831133814167,5579108948.376811,50702000.0
977.0,IRN,237.064294053501,0.0042182649394443125,56453300923.14458,238134980.0
977.0,IRQ,289.1856409130504,0.0034579863538268503,13560782259.335672,46893000.0
977.0,IRL,26.116971267785605,0.03828927901886793,1656600009.8550663,63430020.0
977.0,ISR,4.374632801480622,0.22859061443089435,172246791.925498,39374000.0
977.0,ITA,28.39491092675179,0.03521757833928849,835376859.7194914,29419950.0
977.0,CIV,2324.8744309211743,0.00043013075747225395,23648622711.330185,10172000.0
977.0,KAZ,1677.5970059877143,0.0005960907157265894,225688215653.5811,134530650.0
977.0,JAM,202.02962431540158,0.004949769140979221,1010148.1215770079,5000.0
977.0,JPN,11.349218236174867,0.08811179582506992,2348153.25306458,206900.0
977.0,JOR,58.899599422660096,0.01697804415992812,1958882877.5988295,33258000.0
977.0,KGZ,245.95017013592863,0.004065864233585741,17553215232.92939,71368990.0
977.0,KEN,288.937545598754,0.003460955542927933,14690148246.45457,50841950.0
977.0,PRK,54.42633968822856,0.018373456780821914,55751621.05963692,1024349.9999999999
977.0,KOR,2.294475850813653,0.4358293854543669,16979.121296021032,7400.0
977.0,KWT,22.61785207100013,0.04421286322241745,1179783352.5866804,52161600.0
977.0,LVA,118.67846865996881,0.0084261282715498,94941588.14328843,799989.9999999999
977.0,LBN,39.7891642744548,0.025132470566666665,198040219.99338743,4977240.000000001
977.0,LSO,1931.2971084718054,0.0005177867225158737,568033105.5437274,294120.0
977.0,LBR,2982.648504634554,0.00033527249303636066,2689931380.3897185,901860.0
977.0,LBY,2229.6470953090015,0.0004485014700774484,67618418273.552284,30326960.0
977.0,LTU,57.97632617650637,0.017248419586911114,62613852.5073651,1079989.9999999998
977.0,MDG,5409.323700324446,0.00018486599349564178,7817933264.367912,1445270.0
977.0,MWI,133.18421807384502,0.007508397124391588,226678207.31950346,1701990.0
977.0,MYS,56.663422139705716,0.017648069287704928,88751918.09742106,1566300.0
977.0,MLI,2541.3164143135646,0.0003934968484709961,18252801840.494034,7182420.0
977.0,MLT,0.0,inf,0.0,150000.0
977.0,MRT,3195.322546635991,0.0003129574512134281,132050890112.26842,41326310.0
977.0,MUS,47.498144933943486,0.02105345380100039,1090557.4076833425,22960.0
977.0,MEX,177.5918730571785,0.005630888299027255,11693446309.594664,65844490.00000002
977.0,MNG,2137.387182965114,0.00046786095096384875,305720107021.8236,143034500.0
977.0,MAR,265.2754349607506,0.0037696667998978386,47484300205.22001,178999990.0
977.0,MOZ,10998.607714937682,9.092059885378556e-05,5323216147.952688,483990.0
977.0,MDA,209.66730826250557,0.004769460762800417,166127795.02871364,792339.9999999999
977.0,NAM,6807.575447622281,0.0001468951769530921,53574801863.733635,7869880.0
977.0,NPL,35.8600861945366,0.027886157176954952,106289295.48060648,2964000.0
977.0,NLD,7.003895467152266,0.14277768774390243,109400637.0800544,15619970.000000002
977.0,NCL,337.89819915940444,0.002959471232719554,3041083.7924346398,9000.0
977.0,MKD,291.6423986897339,0.00342885672485453,903201926.6221714,3096950.0
977.0,NZL,35.08294005692974,0.028503882467583428,15504799407.68113,441946980.00000006
977.0,NIC,94.72414005664889,0.010556971004455245,2327372.1211918634,24570.0
977.0,NER,1487.8901261744913,0.000672092638030401,27990873483.05257,18812460.0
977.0,NGA,294.80162656692977,0.003392111541735224,45388277509.6603,153962100.0
977.0,NOR,26.80706648689749,0.037303596814249364,653259526.7245508,24368930.0
977.0,PAK,6.930167220980688,0.14429666242,1711750887.7721968,246999940.0
977.0,CZE,37.19288902865125,0.02688685999169513,117899598.57637304,3169950.0000000005
977.0,PNG,480.0588674949741,0.0020830778633840557,15865945.570708893,33050.0
977.0,PRY,184.73251318704988,0.005413232260784844,327754272.22159576,1774210.0
977.0,PER,405.90463964974276,0.002463632839631755,13500071709.131517,33259220.0
977.0,PHL,45.15418052601122,0.022146343668532454,5265880.5329434285,116620.0
977.0,POL,18.60234515705022,0.053756663020576405,27024928.973807845,1452770.0
977.0,PRT,78.26924954859496,0.012776409710931634,1246827579.9241269,15929980.000000002
977.0,GNB,143.4328742119658,0.006971902400297682,180055589.98450705,1255330.0
977.0,TLS,398.9422178657872,0.0025066286675541113,26617424.77600532,66720.0
977.0,PRI,62.76170713933547,0.015933282340136617,2773439.8384872344,44190.0
977.0,ERI,1180.9842025354872,0.00084675137724372,7947185184.280028,6729290.0
977.0,QAT,39.9585696762854,0.0250259208,324748889.9589261,8127139.999999999
977.0,ZWE,108.68497642414526,0.009200903684217405,314343036.21296996,2892240.0000000005
977.0,ROU,125.58771953683303,0.007962561974116543,6726466955.498019,53559910.0
977.0,RWA,43.75600584949797,0.02285400553788146,145640990.349937,3328480.0
977.0,RUS,298.4766557677088,0.003350345766331072,58747960278.60193,196825979.99999997
977.0,KNA,101.16906474820144,0.009884444444444444,1077450.5395683453,10650.0
977.0,LCA,7.385762110503878,0.1353956416464891,708885.4473661622,95980.0
977.0,VCT,61.85953860015879,0.01616565565520453,2783679.237007146,45000.0
977.0,STP,24.482513090717045,0.04084548004915258,82750.89424662362,3380.0
977.0,SAU,4152.451399796377,0.00024082160240310985,728647339976.8975,175474020.0
977.0,SEN,248.6263451407842,0.004022099908333334,10293627941.518747,41402000.0
977.0,SLE,780.4194327369962,0.0012813622496468551,1613228421.993627,2067130.0
977.0,SVN,42.49169661945697,0.023534009690309696,59909467.98073857,1409910.0
977.0,SVK,89.87318336866109,0.01112678957746479,32346257.426214807,359909.99999999994
977.0,SGP,7.440524356692022,0.13439912996193584,98586.94772616928,13250.0
977.0,SOM,2037.7879330523458,0.0004907281978562548,88263381214.31416,43313330.0
977.0,ZAF,398.5642672747707,0.0025090056538124095,62176013737.9362,155999969.99999997
977.0,ESP,62.370147754106945,0.016033311383876786,7508738969.609549,120389950.00000001
977.0,SUR,70.4575957648239,0.01419293390790453,915948.7449427109,13000.0
977.0,TJK,48.8038398133419,0.02049019101416323,3811737525.8245997,78103230.0
977.0,SWZ,331.5628924959031,0.00301601904987711,50742385.06757301,153040.0
977.0,SWE,41.52864314700498,0.02407976577660278,215116710.3557599,5179960.0
977.0,CHE,28.2307739308309,0.03542233742688497,143862894.72055703,5095960.0
977.0,SYR,222.71817841381588,0.004489979251455511,35734287624.60057,160446210.0
977.0,TKM,692.7592332503589,0.0014435029545663322,90515921416.4919,130660000.0
977.0,TZA,227.05729317668678,0.004404174761397514,6957030921.78782,30639980.0
977.0,THA,102.24397898595446,0.009780527028759051,15089166.418747159,147580.0
977.0,TGO,581.1779674194485,0.0017206433417292276,3027768668.644775,5209710.0
977.0,TTO,44.766345316546776,0.022338209494854044,4163270.11443885,93000.0
977.0,OMN,161.41714299786398,0.006195128853279438,5221050403.637349,32345079.999999996
977.0,TUN,214.40056941228423,0.004664166717192983,12842594107.795826,59900000.0
977.0,TUR,36.65687844106037,0.027280009715171836,14147085504.34873,385932630.0
977.0,ARE,29.96439430905569,0.03337294222222222,112954979.36318871,3769640.0000000005
977.0,UGA,109.52304182362404,0.009130498782259905,583589147.4355078,5328460.0
977.0,GBR,48.711862475287745,0.020528880424297364,13785458541.862307,283000030.0
977.0,UKR,89.2274231421709,0.011207316817909731,606742015.9956051,6799950.000000001
977.0,USA,104.31991495678065,0.009585897385118615,6757108635.499805,64772950.0
977.0,BFA,241.9926636891726,0.004132356678731591,5633347218.020248,23279000.0
977.0,URY,113.82008020507492,0.008785795952684743,2804181901.410024,24636969.999999996
977.0,UZB,88.09493111939524,0.011351390906301953,20208973674.992023,229399960.0
977.0,VEN,238.42758480063554,0.004194145576050538,786279336.3279918,3297770.0
977.0,ETH,193.88405750267995,0.005157721644989699,22654093811.65496,116843510.0
977.0,YEM,737.1542863966068,0.00135656811396736,47087477099.24202,63877370.0
977.0,COD,3449.3600029023155,0.0002899088524127934,9792733048.239674,2839000.0
977.0,ZMB,585.9417746476345,0.0017066542159438387,499409893.3676718,852320.0
977.0,BEL,9.190597076356989,0.10880685897682553,25181133.11756899,2739880.0
977.0,LUX,21.293326986329642,0.04696306972799516,1064027.5495068922,49970.0
977.0,SRB,30.477819706911973,0.03281074596596596,841309430.4114009,27603989.999999996
977.0,MNE,163.7504500942784,0.0061068534432989685,151189153.0675463,923290.0
977.0,SDN,785.3651120964226,0.0012732931277411083,207817944065.5886,264613159.99999997
977.0,SSD,635.2949790264568,0.0015740719398293168,10572985629.744871,16642640.0
977.0,,47.059509705818535,0.021249690152984273,528115935.77160734,11222300.0
982.0,ARM,3.465133605814197,0.28858916098417847,76232939.32791233,22000000.0
982.0,AFG,36.68236181312655,0.027261058191791688,7186592267.316673,195914110.0
982.0,ALB,2.58625082958852,0.3866600983011006,195701600.2749633,75670000.0
982.0,DZA,20.108574037591058,0.04973003049000867,10555151380.923847,524908000.0
982.0,AUT,1.1659134972448517,0.8576965635641762,12603501.586946905,10809980.000000002
982.0,BHR,0.06610218813280969,15.128092249999998,10460.671272017133,158250.0
982.0,BGD,0.8015868255670123,1.2475254933146358,48035090.52210321,59925000.0
982.0,BOL,28.571133039544215,0.03500036203030304,894550175.5922527,31309580.0
982.0,BGR,8.312734108601608,0.12029736389201348,584966932.967613,70369980.0
982.0,MMR,0.790302416939403,1.2653384053571428,1873119.4674605872,2370130.0
982.0,BDI,7.9346192833547935,0.12602999139452037,10464334.60327397,1318820.0
982.0,CMR,5.097493253212316,0.19617485503680152,95840825.24986656,18801560.0
982.0,TCD,18.02266148416276,0.055485700648527425,817520721.0112766,45360710.0
982.0,CHN,10.008528904107292,0.09991478363914409,12731733720.150177,1272088420.0
982.0,CYP,0.04142650085231702,24.13913749473893,1841407.1343554745,44449980.0
982.0,AZE,2.606066410090413,0.3837200756389423,79490237.64057778,30502000.0
982.0,DNK,0.7200772078639703,1.3887399699351544,1552882.5026190449,2156549.9999999995
982.0,ECU,2.9415220471172567,0.33996005604650065,11919900.376312789,4052290.0
982.0,EGY,0.16796845824991946,5.953498712907782,4199211.456247986,25000000.0
982.0,FRA,1.6363216096080568,0.611126806691459,573039827.6847416,350200000.00000006
982.0,GEO,13.58839683848095,0.07359219868881826,99195296.92091094,7300000.0
982.0,DEU,1.0749017375731875,0.9303175955950228,10966362.507069172,10202199.999999998
982.0,BIH,11.290825645879279,0.08856748225183708,72464293.1787403,6417980.0
982.0,GRC,6.128396750697423,0.16317481401415437,5832088890.369138,951650020.0
982.0,GIN,33.42298101228535,0.029919533497997326,525888547.0608418,15734340.0
982.0,HUN,2.5958791398754575,0.38522594701692353,4101489.041003223,1580000.0
982.0,HRV,2.651967284800069,0.37707855814495456,13259836.424000343,5000000.0
982.0,IDN,5.1350719417561015,0.19473923858173214,776693290.4819754,151252660.0
982.0,IRN,11.063000389163378,0.09039139155952099,4328457093.642219,391255260.0
982.0,IRQ,13.495329909275686,0.07409970758200393,787377466.1719407,58344440.0
982.0,IRL,1.2187919924966617,0.8204845504043128,11615.087688493186,9530.0
982.0,ISR,0.20414953073576236,4.89837030923345,3994185.5688451906,19565000.0
982.0,ITA,1.3250958432484168,0.7546623929847535,632203200.3119029,477099980.00000006
982.0,JOR,2.748647973057471,0.3638152319984598,287717475.22776383,104676000.0
982.0,KEN,13.483752127941855,0.07416333306274141,1305535040.0458524,96822830.0
982.0,KWT,1.0554997633133394,0.947418497623231,315868.85916914995,299260.0
982.0,LBN,1.8568276661412237,0.5385529407142857,36567194.25555559,19693370.0
982.0,LBY,104.05019778108675,0.009610745787373894,6316886466.787799,60709990.0
982.0,MWI,6.215263510112767,0.16089422409410545,43225790.35486207,6954780.0
982.0,MLI,118.59476600129969,0.008432075324378488,23019006891.320267,194098000.0
982.0,MLT,0.0,inf,0.0,1860000.0
982.0,MRT,149.11505217634624,0.006706231097430603,11717833587.647728,78582500.0
982.0,MNG,99.74473520503867,0.010025591806368186,7852282590.439719,78723780.0
982.0,MAR,12.37952029816836,0.08077857428352513,463183342.01685566,37415290.0
982.0,MDA,9.784474385583593,0.10220273063143752,226354030.43609083,23134000.0
982.0,NPL,1.6734706890783748,0.5975605109347489,29678969.201391194,17734980.0
982.0,NLD,0.3268484551337724,3.059521880226481,48775.594959612856,149230.0
982.0,MKD,13.609978605520915,0.07347550124688279,487985782.9009524,35855000.0
982.0,NER,69.43487255480959,0.01440198510065145,11326833687.157553,163128890.0
982.0,PAK,0.32340780364576543,3.092071337571429,13259719.949476384,41000000.0
982.0,POL,0.8681094406623435,1.1519284932980658,442727.1336433886,509990.0
982.0,PRT,3.6525649789344317,0.27378020809139214,270034128.89262253,73930000.0
982.0,GNB,6.693534129891738,0.1493979085778075,45046547.59939321,6729860.0
982.0,ERI,55.11259611832272,0.01814467236950829,321931412.2098032,5841340.0
982.0,QAT,1.8647332515599853,0.5362697314285714,22705309.075647146,12176170.0
982.0,ROU,5.860760245052209,0.17062632801678304,2459760899.0256047,419699970.0
982.0,RWA,2.041946939643238,0.4897286900974599,12508701.499152323,6125870.0
982.0,RUS,13.928910602493078,0.07179312356423727,74923610.13081026,5379000.0
982.0,SAU,193.78106532383092,0.005160462908638069,16546965168.00192,85390000.0
982.0,SEN,11.602562773236595,0.08618785517857144,140190517.27144128,12082720.0
982.0,SVN,1.9829458422413253,0.5043002076494935,1288894.9679984387,649989.9999999999
982.0,SVK,4.194081890537517,0.23843120523138836,47980296.82774919,11440000.0
982.0,SOM,95.09677020910947,0.010515604239776889,36242674344.701866,381113620.0
982.0,ESP,2.9106068951916573,0.3435709582259311,1630812985.1637478,560299980.0
982.0,CHE,1.3174361167721087,0.7590500877189638,8431604.321702663,6400010.0
982.0,SYR,10.393514992644741,0.0962138411026181,7310284694.380224,703350570.0
982.0,OMN,7.532800006566984,0.13275276114170226,170829817.81292692,22678130.0
982.0,TUN,10.005359905906598,0.09994642965413533,250133997.64766496,25000000.0
982.0,TUR,1.7106543272494843,0.5845716367536821,1956580884.3406832,1143761690.0
982.0,ARE,1.3983384010892654,0.7151344761904762,51738520.840302825,37000000.0
982.0,UKR,4.163946413301309,0.24015678895520856,62042801.5581895,14900000.0
982.0,BFA,11.292990972161387,0.08855050025853407,850362220.2037525,75300000.0
982.0,ETH,9.047922683458399,0.11052260667835069,515244724.23753184,56946190.0
982.0,YEM,34.40053336517498,0.029069316727872,2242396703.3769293,65184940.0
982.0,LUX,0.9936885926953832,1.006351494171325,109285.87142463824,109980.0
982.0,SRB,1.4222982529892252,0.7030874135564136,14777650.40259299,10389980.0
982.0,MNE,7.641687671066325,0.13086114521354933,97400951.05541138,12746000.0
982.0,SDN,36.650371897833054,0.027284852737309462,14973385194.09896,408546610.0
982.0,SSD,29.64709902123465,0.03373011299634251,3916472797.2990923,132103070.0
982.0,,2.196110452938198,0.45535050327823445,199099373.66337705,90660000.0
1017.0,ARM,74.25286298173279,0.01346749417926166,2318174.382289698,31220.0
1017.0,AFG,786.0506102812832,0.0012721827156169452,36764215883.34384,46770800.0
1017.0,ALB,55.419660634039715,0.018044137920718024,399464913.8501583,7208000.0
1017.0,DZA,430.89801509123697,0.0023207347562004045,16520026641.376898,38338600.0
1017.0,AGO,1992.032906538233,0.0005019997394208744,37301533306.774765,18725360.0
1017.0,ATG,207.04182639596277,0.004829941936889229,621125.4791878883,3000.0
1017.0,ARG,140.04577501386342,0.007140522446328766,908427926.4936773,6486650.000000001
1017.0,AUS,772.6057654673417,0.001294321172189428,18340996431.23639,23739140.0
1017.0,AUT,24.983860655246826,0.040025839632994886,16738686.961802268,669980.0
1017.0,BHS,172.1698207350223,0.005808218860488032,12594222.386766883,73150.0
1017.0,BHR,1.4164754599887792,0.7059776383333332,360053.8971745478,254190.0
1017.0,BRB,48.9062054654718,0.020447302964569775,1450558.0541058935,29660.0
1017.0,BGD,17.17686054786455,0.05821785635468301,3950677926.0088463,230000000.0
1017.0,BTN,923.9441348236769,0.0010823165192675175,149429484.92503327,161730.0
1017.0,BOL,612.2385651330903,0.0016333502280808084,4514616567.363152,7373950.0
1017.0,BWA,2221.208026092952,0.0004502054684895833,9410658680.388792,4236730.0
1017.0,BRA,98.37579810881981,0.010165101775274398,3641674310.6343107,37017990.0
1017.0,BLZ,192.8935102686504,0.005184207590018247,181319.89965253137,940.0
1017.0,BRN,5.192252394550413,0.19259464371369184,213609.26351180396,41140.0
1017.0,BGR,178.13001661289164,0.0056138769816272945,336658606.1977007,1889960.0
1017.0,MMR,16.935051791558635,0.05904912558333333,169350348.56506845,9999990.0
1017.0,BDI,170.02755607188845,0.00588139959841095,392491610.4363473,2308400.0
1017.0,CMR,109.23199828312107,0.00915482656838407,2933826195.3269157,26858670.000000004
1017.0,CPV,145.6805336437112,0.006864335096723944,88780630.81315047,609420.0
1017.0,CAF,161.81351401618326,0.006179953547637488,3497513344.2973723,21614470.0
1017.0,LKA,62.33076015632298,0.01604344303666506,155826900.39080745,2500000.0
1017.0,TCD,386.1998889463449,0.00258933269693128,53801097157.233025,139308940.0
1017.0,CHL,184.086264323814,0.005432235825270299,996836325.6266689,5415050.0
1017.0,CHN,214.46847651658484,0.004662689903160057,540246092345.2772,2519000000.0
1017.0,COL,237.21536777989976,0.004215578481946624,102880305.00614253,433700.0
1017.0,COM,70.67003764385697,0.014150268392943548,26508331.12021075,375100.0
1017.0,COG,9228.80048027518,0.00010835644373689856,9654155894.411062,1046089.9999999999
1017.0,COK,0.0,inf,0.0,7540.0
1017.0,CRI,54.59824125258026,0.018315608288073583,13053347.518666888,239080.0
1017.0,CUB,166.32366661332975,0.006012373466518184,1363854066.2293038,8200000.0
1017.0,CYP,0.8877107325496506,1.1264930830878166,2245890.3991359654,2529980.0000000005
1017.0,BEN,88.42091028259254,0.011309542016747031,743089330.0149077,8404000.0
1017.0,DMA,20.23505138054754,0.04941919747045095,823971.2922158958,40720.0
1017.0,DOM,85.35575648680951,0.011715671457431643,76875662.079845,900650.0000000001
1017.0,ECU,63.03261529536979,0.015864802615503364,43591465.75981888,691570.0
1017.0,EGY,3.599324105355416,0.27782993993569655,71986482.10710832,20000000.0
1017.0,SLV,111.10218794214781,0.009000722834735816,8548202.340268852,76940.0
1017.0,GNQ,454.3485631940324,0.002200953367102305,22272166.56777147,49020.0
1017.0,EST,82.03660782088843,0.012189680028985506,820366.0782088843,10000.0
1017.0,FJI,257.0491183636778,0.003890307060245123,47811136.015644066,186000.0
1017.0,FRA,35.06403449160121,0.028519250978934756,217746602.2718088,6209970.0
1017.0,PYF,58.883295923923875,0.016982745009586103,4114175.886204561,69870.0
1017.0,DJI,1091.4180171494393,0.0009162392266638548,2499609199.5963316,2290240.0
1017.0,GEO,291.17993225316326,0.003434302605478185,4909293.6577883335,16860.000000000004
1017.0,GAB,5349.243136559949,0.00018694233454549818,1823129045.8023617,340820.0
1017.0,GMB,294.72736144222387,0.003392966282826891,302316590.99936116,1025750.0
1017.0,DEU,23.033608662282592,0.043414821127767726,10365123.898027169,450000.00000000006
1017.0,GHA,515.7787018248696,0.0019388160008583402,16919088755.961199,32803000.0
1017.0,GRC,131.3227875149448,0.00761482465399387,2900921689.4330053,22090010.0
1017.0,GRD,15.827481916697774,0.06318124419684308,3449757.958563447,217960.0
1017.0,GTM,43.97187803453791,0.022741807825777775,8425451.550197808,191610.0
1017.0,GIN,716.206735977543,0.001396244896573209,10405051460.281744,14528000.0
1017.0,GUY,777.9796590053958,0.0012853806502838969,211026982.50521362,271250.0
1017.0,HTI,72.91060584670166,0.013715425737958508,358748615.90205234,4920390.0
1017.0,HND,144.55794697127828,0.006917641132511979,22029185.538953096,152390.0
1017.0,HKG,1.1504747401750945,0.8692063937429922,91876.91275038305,79860.0
1017.0,HUN,55.6259815687598,0.017977210860789766,5562598.15687598,100000.0
1017.0,HRV,56.8278703885729,0.01759699938009788,28413366.915582564,499990.0
1017.0,IND,9.819691926458944,0.10183618870012835,12432220767.099508,1266049980.0
1017.0,IDN,110.0372558947736,0.009087831133814167,6572525294.594827,59730000.0
1017.0,IRN,237.064294053501,0.0042182649394443125,9108958434.711721,38424000.0
1017.0,IRQ,289.1856409130504,0.0034579863538268503,2432869635.442538,8412830.0
1017.0,IRL,26.11697126778561,0.03828927901886793,9992614.376767451,382610.0
1017.0,ISR,4.3746328014806215,0.22859061443089437,14799382.767408943,3383000.0
1017.0,ITA,28.39491092675179,0.03521757833928849,63887413.78875446,2249960.0
1017.0,CIV,2324.8744309211743,0.00043013075747225395,21349321899.149143,9183000.0
1017.0,KAZ,1677.597005987714,0.0005960907157265894,29034808869.49164,17307379.999999996
1017.0,JAM,202.02962431540158,0.004949769140979221,97176249.29570816,481000.0
1017.0,JPN,11.349218236174865,0.08811179582506992,382582.1467414547,33710.0
1017.0,JOR,58.899599422660096,0.01697804415992812,286310952.7935507,4861000.0
1017.0,KGZ,245.95017013592863,0.004065864233585741,2351396763.57774,9560460.0
1017.0,KEN,288.937545598754,0.0034609555429279326,21110638115.330853,73062980.0
1017.0,PRK,54.426339688228566,0.018373456780821914,754451933.8608587,13861890.0
1017.0,KOR,2.294475850813653,0.43582938545436684,4444170.275440965,1936900.0
1017.0,KWT,22.61785207100013,0.04421286322241745,32526054.527743157,1438070.0
1017.0,LVA,118.6784686599688,0.0084261282715498,5933923.43299844,50000.0
1017.0,LAO,63.489141759996166,0.015750724805514527,180009493.84928194,2835280.0
1017.0,LBN,39.78916427445479,0.02513247056666667,120950305.77820219,3039780.0
1017.0,LSO,1931.2971084718056,0.0005177867225158737,334519972.1584014,173210.0
1017.0,LBR,2982.648504634554,0.00033527249303636066,3091008124.8079267,1036329.9999999999
1017.0,LBY,2229.647095309002,0.00044850147007744834,25051534386.40859,11235650.0
1017.0,LTU,57.976326176506376,0.01724841958691111,2898816.3088253187,50000.0
1017.0,MAC,0.0,inf,0.0,26370.0
1017.0,MDG,5409.323700324446,0.0001848659934956418,22291011570.481995,4120850.0000000005
1017.0,MWI,133.18421807384502,0.007508397124391587,8487746311.788756,63729370.0
1017.0,MYS,56.66342213970571,0.01764806928770493,109705484.97046283,1936090.0
1017.0,MLI,2541.3164143135646,0.00039349684847099617,30331322973.428402,11935280.0
1017.0,MLT,0.0,inf,0.0,20000.0
1017.0,MRT,3195.322546635991,0.0003129574512134281,60821686546.19743,19034600.0
1017.0,MUS,47.49814493394349,0.02105345380100039,902464.7537449263,19000.0
1017.0,MEX,177.5918730571785,0.005630888299027255,7188723670.294223,40478900.0
1017.0,MNG,2137.387182965114,0.00046786095096384875,208896104277.68283,97734330.0
1017.0,MAR,265.2754349607506,0.003769666799897839,8223538483.783268,31000000.0
1017.0,MOZ,10998.607714937682,9.092059885378556e-05,30411150331.80269,2765000.0
1017.0,FSM,74.71797093823989,0.013383661085049759,996737.7323161201,13340.0
1017.0,NAM,6807.575447622279,0.00014689517695309212,17111453569.388885,2513590.0
1017.0,NPL,35.860086194536606,0.02788615717695495,2537280398.6944375,70755000.0
1017.0,NLD,7.003895467152267,0.14277768774390243,19890923.048803095,2839980.0
1017.0,NCL,337.8981991594043,0.0029594712327195545,304108.3792434639,900.0
1017.0,MKD,291.6423986897339,0.00342885672485453,3254729.1693774303,11160.0
1017.0,VUT,119.71146104371546,0.008353419056800471,2207479.341646113,18440.0
1017.0,NZL,35.08294005692974,0.028503882467583428,71041550.29768045,2024960.0
1017.0,NIC,94.72414005664889,0.010556971004455245,3486795.595485246,36810.0
1017.0,NER,1487.8901261744911,0.0006720926380304011,45511062417.88117,30587650.0
1017.0,NGA,294.8016265669297,0.0033921115417352246,80846601482.83714,274240690.0
1017.0,NOR,26.807066486897487,0.037303596814249364,9355666.203927223,349000.0
1017.0,PAK,6.930167220980689,0.14429666242,3589826620.4679966,518000000.0
1017.0,CZE,37.19288902865125,0.026886859991695128,9669407.289668754,259980.00000000003
1017.0,PNG,480.05886749497415,0.0020830778633840552,4666172.192051149,9720.0
1017.0,PRY,184.73251318704988,0.005413232260784844,146025509.6989673,790470.0
1017.0,PER,405.90463964974276,0.002463632839631755,2008416156.9869273,4948000.0
1017.0,PHL,45.15418052601121,0.022146343668532457,1451084227.7618067,32136210.0
1017.0,POL,18.60234515705022,0.053756663020576405,743907.7828304382,39990.0
1017.0,PRT,78.26924954859497,0.01277640971093163,97832648.47326629,1249950.0
1017.0,GNB,143.4328742119658,0.0069719024002976825,138573368.4336644,966120.0
1017.0,TLS,398.9422178657872,0.002506628667554111,227999466.93247604,571510.0
1017.0,PRI,62.76170713933547,0.015933282340136617,277406.7455558628,4420.0
1017.0,ERI,1180.9842025354872,0.00084675137724372,7476196874.46685,6330480.0
1017.0,QAT,39.95856967628539,0.025025920800000004,41975278.68784752,1050470.0
1017.0,ZWE,108.68497642414526,0.009200903684217405,3376037948.6726546,31062600.0
1017.0,ROU,125.58771953683305,0.007962561974116543,480997198.19448453,3829970.0000000005
1017.0,RWA,43.75600584949795,0.022854005537881465,567393316.6116683,12967210.0
1017.0,RUS,298.47665576770885,0.003350345766331072,5565992676.756234,18648000.0
1017.0,KNA,101.16906474820144,0.009884444444444444,557441.54676259,5510.0
1017.0,LCA,7.385762110503877,0.1353956416464891,470842.33454462216,63750.0
1017.0,VCT,61.8595386001588,0.01616565565520453,1793926.6194046051,29000.0
1017.0,STP,24.482513090717042,0.04084548004915259,226463.24608913265,9250.0
1017.0,SAU,4152.451399796377,0.00024082160240310985,175398384441.00702,42239720.0
1017.0,SEN,248.6263451407842,0.004022099908333334,4809676646.74847,19345000.0
1017.0,SYC,0.0,inf,0.0,22030.0
1017.0,SLE,780.4194327369963,0.001281362249646855,1522371991.634386,1950710.0
1017.0,SVN,42.491696619456974,0.023534009690309693,15297010.783004513,360000.00000000006
1017.0,SVK,89.87318336866109,0.01112678957746479,26961056.27876464,299990.0
1017.0,SGP,7.440524356692021,0.13439912996193584,62277.18886551222,8370.0
1017.0,SOM,2037.787933052346,0.0004907281978562547,80034976941.56277,39275420.0
1017.0,ZAF,398.5642672747707,0.0025090056538124095,4730957852.551529,11870000.000000002
1017.0,ESP,62.370147754106945,0.016033311383876786,631812715.2564911,10130050.0
1017.0,SUR,70.4575957648239,0.014192933907904532,493203.17035376735,7000.0
1017.0,SWZ,331.5628924959031,0.00301601904987711,1075868536.0864062,3244840.0
1017.0,SWE,41.52864314700497,0.02407976577660278,414455.85860710964,9980.0
1017.0,CHE,28.2307739308309,0.03542233742688498,14623540.896170406,518000.0
1017.0,SYR,222.7181784138159,0.004489979251455511,2339102123.15467,10502520.0
1017.0,TKM,692.759233250359,0.0014435029545663322,10058864066.795212,14520000.0
1017.0,TWN,22.229245223853656,0.044985782914793916,32031897.78266864,1440980.0
1017.0,TZA,227.0572931766868,0.004404174761397514,16234601003.27897,71500020.0
1017.0,THA,102.24397898595446,0.009780527028759051,191658383.48875135,1874520.0
1017.0,TGO,581.1779674194485,0.0017206433417292278,2887989555.700723,4969200.0
1017.0,TON,82.43988546771686,0.012130050816137973,2368497.9094875054,28730.0
1017.0,TTO,44.766345316546776,0.022338209494854044,2372616.301776979,53000.0
1017.0,OMN,161.41714299786395,0.006195128853279438,2713420559.6226625,16809989.999999996
1017.0,TUN,214.40056941228428,0.004664166717192982,2401286377.417584,11200000.0
1017.0,TUR,36.65687844106038,0.027280009715171832,3466099205.507721,94555220.0
1017.0,ARE,29.964394309055695,0.03337294222222222,1761553404.8075142,58788220.0
1017.0,UGA,109.52304182362407,0.009130498782259903,3705506216.783691,33833119.99999999
1017.0,UKR,89.22742314217089,0.011207316817909733,481827192.6934914,5399990.0
1017.0,USA,104.31991495678064,0.009585897385118617,920598212.7139995,8824760.0
1017.0,BFA,241.9926636891726,0.00413235667873159,6480321540.932353,26779000.0
1017.0,VEN,238.42758480063554,0.004194145576050538,1548348735.6953273,6494000.0
1017.0,VNM,10.631973145086404,0.09405591853494784,227637243.1793813,21410630.0
1017.0,ETH,193.88405750267998,0.005157721644989699,24769903999.007908,127756270.0
1017.0,YEM,737.1542863966068,0.00135656811396736,59551244915.92153,80785320.0
1017.0,COD,3449.3600029023155,0.0002899088524127934,64378855094.168816,18664000.0
1017.0,ZMB,585.9417746476344,0.001706654215943839,9239147480.897139,15768030.0
1017.0,BEL,9.19059707635699,0.10880685897682553,3584057.141866935,389969.99999999994
1017.0,SRB,30.47781970691197,0.03281074596596597,99266258.78541228,3257000.0
1017.0,MNE,163.75045009427842,0.0061068534432989685,15862506.10063275,96870.0
1017.0,SDN,785.3651120964225,0.0012732931277411083,91498302678.09955,116504160.0
1017.0,SSD,635.2949790264568,0.0015740719398293168,16259638046.00649,25593840.0
1017.0,,47.059509705818535,0.021249690152984276,246104764.93303388,5229650.0
1097.0,DZA,430.89801509123697,0.0023207347562004045,7454535.6610784,17300.0
1097.0,ARG,140.04577501386342,0.0071405224463287655,3383365878.5599265,24159000.0
1097.0,AUS,772.6057654673416,0.0012943211721894283,22543647300.957226,29178719.999999996
1097.0,BWA,2221.208026092952,0.00045020546848958335,96444852.49295597,43420.0
1097.0,BRA,98.37579810881982,0.010165101775274396,2174740645.860701,22106460.0
1097.0,BGR,178.13001661289164,0.005613876981627295,2652355.9473659564,14890.0
1097.0,CMR,109.23199828312109,0.00915482656838407,18169650.59441436,166340.0
1097.0,CAN,84.97029185329475,0.011768819174194993,1744871740.8307557,20535079.999999996
1097.0,TCD,386.19988894634486,0.00258933269693128,409452984.2598043,1060210.0
1097.0,CHL,184.08626432381396,0.005432235825270299,1954210078.7702417,10615730.0
1097.0,CHN,214.46847651658484,0.004662689903160057,39383217373.20484,183631729.99999997
1097.0,COL,237.21536777989976,0.004215578481946624,1311065616.1827283,5526900.000000001
1097.0,CUB,166.32366661332972,0.006012373466518184,33597380.6558926,202000.0
1097.0,DNK,15.430225882799364,0.06480786526364053,215097.34880622313,13940.0
1097.0,BLR,38.84567052107945,0.025742894551333693,11653701.156323835,300000.0
1097.0,FIN,32.33521712447515,0.030926033251933247,6078374.115058839,187980.0
1097.0,GEO,291.17993225316326,0.003434302605478185,45173654.689755745,155140.0
1097.0,DEU,23.033608662282592,0.043414821127767726,34549491.64907739,1499959.9999999998
1097.0,BIH,241.94626384027023,0.004133149171752398,1693623.8468818916,7000.0
1097.0,GTM,43.97187803453791,0.022741807825777775,105535585.31435339,2400070.0
1097.0,HTI,72.91060584670166,0.013715425737958508,359996116.36808944,4937500.0
1097.0,HND,144.55794697127826,0.006917641132511979,72636031.61465819,502470.0
1097.0,HRV,56.8278703885729,0.017596999380097882,5186679.730365048,91270.0
1097.0,ISL,727.5566551408591,0.0013744634083601287,604577753.7223997,830970.0
1097.0,IND,9.819691926458944,0.10183618870012835,548135.2033349383,55820.0
1097.0,IDN,110.0372558947736,0.009087831133814167,142278171.87194225,1293000.0
1097.0,IRL,26.11697126778561,0.03828927901886793,10789443.17014759,413120.0
1097.0,KAZ,1677.597005987714,0.0005960907157265894,253362308815.54602,151026920.0
1097.0,JAM,202.02962431540158,0.004949769140979221,8079164.676372909,39990.0
1097.0,JPN,11.349218236174867,0.08811179582506992,51652562.03647906,4551200.000000001
1097.0,KGZ,245.95017013592866,0.00406586423358574,6877996507.851245,27965000.0
1097.0,KEN,288.937545598754,0.003460955542927933,8090251.276765112,28000.0
1097.0,LBN,39.7891642744548,0.025132470566666665,3978.9164274454797,100.0
1097.0,LSO,1931.2971084718056,0.0005177867225158737,100099129.13209368,51830.0
1097.0,LTU,57.97632617650637,0.017248419586911114,4449103.2707851,76740.00000000001
1097.0,MDG,5409.323700324445,0.0001848659934956418,29589000.640774716,5470.0
1097.0,MYS,56.663422139705716,0.017648069287704928,10837446.118440116,191260.0
1097.0,MLI,2541.316414313565,0.0003934968484709961,7523135220.784876,2960330.0
1097.0,MRT,3195.3225466359913,0.0003129574512134281,1719562828.4721587,538150.0
1097.0,MEX,177.59187305717847,0.005630888299027256,12735349414.121431,71711329.99999999
1097.0,MNG,2137.3871829651143,0.00046786095096384864,137975353290.35828,64553280.00000001
1097.0,MAR,265.2754349607506,0.003769666799897839,525672454.672573,1981610.0
1097.0,MDA,209.66730826250557,0.004769460762800417,48517015.131943785,231399.99999999997
1097.0,VUT,119.71146104371546,0.008353419056800471,1358725.0828461705,11350.0
1097.0,NIC,94.72414005664889,0.010556971004455245,169811018.6381539,1792690.0
1097.0,NER,1487.8901261744911,0.000672092638030401,1184286145.9285862,795950.0
1097.0,NOR,26.80706648689749,0.037303596814249364,348491.86432966735,13000.0
1097.0,PNG,480.0588674949741,0.0020830778633840557,21439429.02232554,44660.0
1097.0,PRY,184.73251318704985,0.005413232260784845,266895993.07725403,1444770.0
1097.0,PER,405.90463964974276,0.002463632839631755,28600040.909720875,70460.0
1097.0,PHL,45.15418052601122,0.022146343668532454,26336627.333601303,583260.0
1097.0,POL,18.602345157050216,0.053756663020576405,111729033.43537188,6006180.0
1097.0,PRT,78.26924954859496,0.012776409710931635,22123586.077405844,282659.99999999994
1097.0,ROU,125.58771953683305,0.007962561974116543,1323746054.8832304,10540410.0
1097.0,RUS,298.4766557677088,0.003350345766331072,14057355056.691782,47097000.0
1097.0,SEN,248.62634514078422,0.004022099908333333,1816551096.8193688,7306350.0
1097.0,ZAF,398.56426727477066,0.00250900565381241,523247127.00633717,1312830.0
1097.0,ESP,62.370147754106945,0.016033311383876786,530022139.31587833,8498010.0
1097.0,SWE,41.52864314700498,0.02407976577660278,14535025.101451742,350000.0
1097.0,CHE,28.230773930830903,0.03542233742688497,10219257.855221478,361990.0
1097.0,TZA,227.05729317668678,0.004404174761397515,344913651.7729778,1519060.0
1097.0,TUN,214.40056941228426,0.004664166717192982,117474359.99237879,547920.0
1097.0,TUR,36.65687844106038,0.027280009715171832,30405414.39172194,829460.0
1097.0,GBR,48.71186247528774,0.020528880424297367,282122058.30500025,5791650.0
1097.0,UKR,89.22742314217089,0.011207316817909733,642437446.6236304,7200000.0
1097.0,BFA,241.99266368917262,0.00413235667873159,28114707.667408075,116180.0
1097.0,URY,113.82008020507493,0.008785795952684743,1547370331.978369,13594880.0
1097.0,UZB,88.09493111939523,0.011351390906301953,528729038.5416975,6001810.0
1097.0,VNM,10.631973145086404,0.09405591853494785,14172632.841863077,1333020.0
1097.0,WSM,25.880255730841462,0.03863949453978159,8281.681833869268,320.0
1097.0,LUX,21.29332698632964,0.04696306972799517,29384.791241134906,1380.0000000000002
1097.0,SRB,30.477819706911973,0.03281074596596597,1219112.7882764789,40000.0
